LocalOrderCode;ProductId;Description;Description DE;Price;Weight;DiscountFamilyGroup
AA1560;1STQ009138A0000;TRIANGULAR IRON KEY;SCHLUSSEL DREIECK EINFUGEN;9.97;0.2;Missing
AA1570;1STQ009137A0000;FIAT TYPE KEY;SCHLUSSEL FIAT;42;0.2;Missing
AA6200;1STQ009135A0000;YALE INSERT TYPE;YALE EINFUGEN +SCHLUSSEL;32.71;0.2;Missing
AA8004;1STQ009136A0000;CYLINDRE RONIS R739;EINFUGEN RONIS E739 +SCHLUSSEL;17.18;0.2;Missing
AD1058;1STQ009134A0000;ZN+AL+MG ALLOY KEY;SCHLUSSEL EINFUGEN DOPPELKLAPPE;18.34;0.2;Missing
CABINET 1;1STQ001021M0000;CAB.1800X250X200 BL.DOOR,BACK_TOP PAN.;SCHR 1800X250X200_BL TUR, ZUR_TOP WAND;576.19;45.9;Missing
CABINET 1;1STQ001022M0000;CAB.1800X250X300 BL.DOOR,BACK_TOP PAN.;SCHR 1800X250X300_BL TUR, ZUR_TOP WAND;583.05;46.8;Missing
CABINET 1;1STQ001023M0000;CAB.1800X250X500 BL.DOOR,BACK_TOP PAN.;SCHR 1800X250X500_BL TUR, ZUR_TOP WAND;619.22;48.9;Missing
CABINET 1;1STQ001024M0000;CAB.1800X250X700 BL.DOOR,BACK_TOP PAN.;SCHR 1800X250X700_BL TUR, ZUR_TOP WAND;624.99;51.0;Missing
CABINET 1;1STQ001025M0000;CAB.1800X500X200 BL.DOOR,BACK_TOP PAN.;SCHR 1800X500X200_BL TUR, ZUR_TOP WAND;663.01;61.1;Missing
CABINET 1;1STQ001026M0000;CAB.1800X500X300 BL.DOOR,BACK_TOP PAN.;SCHR 1800X500X300_BL TUR, ZUR_TOP WAND;671.39;62.3;Missing
CABINET 1;1STQ001027M0000;CAB.1800X500X500 BL.DOOR,BACK_TOP PAN.;SCHR 1800X500X500_BL TUR, ZUR_TOP WAND;707.62;65.0;Missing
CABINET 1;1STQ001028M0000;CAB.1800X500X700 BL.DOOR,BACK_TOP PAN.;SCHR 1800X500X700_BL TUR, ZUR_TOP WAND;749.01;67.8;Missing
CABINET 1;1STQ001029M0000;CAB.1800X750X200 BL.DOOR,BACK_TOP PAN.;SCHR 1800X750X200_BL TUR, ZUR_TOP WAND;773.28;75.9;Missing
CABINET 1;1STQ001030M0000;CAB.1800X750X300 BL.DOOR,BACK_TOP PAN.;SCHR 1800X750X300_BL TUR, ZUR_TOP WAND;780.78;77.4;Missing
CABINET 1;1STQ001031M0000;CAB.1800X750X500 BL.DOOR,BACK_TOP PAN.;SCHR 1800X750X500_BL TUR, ZUR_TOP WAND;821.04;81.1;Missing
CABINET 1;1STQ001032M0000;CAB.1800X750X700 BL.DOOR,BACK_TOP PAN.;SCHR 1800X750X700_BL TUR, ZUR_TOP WAND;857.7;84.5;Missing
CABINET 1;1STQ001033M0000;CAB.1800X1000X200 BL.DOOR,BACK_TOP PAN.;SCHR 1800X1000X200_BL TUR, ZUR_TOP WAND;976.98;92.6;Missing
CABINET 1;1STQ001034M0000;CAB.1800X1000X300 BL.DOOR,BACK_TOP PAN.;SCHR 1800X1000X300_BL TUR, ZUR_TOP WAND;989.16;94.4;Missing
CABINET 1;1STQ001035M0000;CAB.1800X1000X500 BL.DOOR,BACK_TOP PAN.;SCHR 1800X1000X500_BL TUR, ZUR_TOP WAND;1025.72;98.3;Missing
CABINET 1;1STQ001036M0000;CAB.1800X1000X700 BL.DOOR,BACK_TOP PAN.;SCHR 1800X1000X700_BL TUR, ZUR_TOP WAND;1066.38;102.2;Missing
CABINET 1;1STQ001037M0000;CAB.1800X1250X200 BL.DOOR,BACK_TOP PAN.;SCHR 1800X1250X200_BL TUR, ZUR_TOP WAND;1113.41;123.7;Missing
CABINET 1;1STQ001038M0000;CAB.1800X1250X300 BL.DOOR,BACK_TOP PAN.;SCHR 1800X1250X300_BL TUR, ZUR_TOP WAND;1127.2;125.8;Missing
CABINET 1;1STQ001039M0000;CAB.1800X1250X500 BL.DOOR,BACK_TOP PAN.;SCHR 1800X1250X500_BL TUR, ZUR_TOP WAND;1164.7;130.3;Missing
CABINET 1;1STQ001040M0000;CAB.1800X1250X700 BL.DOOR,BACK_TOP PAN.;SCHR 1800X1250X700_BL TUR, ZUR_TOP WAND;1204.48;134.9;Missing
CABINET 1;1STQ001041M0000;CAB.2100X250X200 BL.DOOR,BACK_TOP PAN.;SCHR 2100X250X200_BL TUR, ZUR_TOP WAND;657.14;51.7;Missing
CABINET 1;1STQ001042M0000;CAB.2100X250X300 BL.DOOR,BACK_TOP PAN.;SCHR 2100X250X300_BL TUR, ZUR_TOP WAND;664;52.6;Missing
CABINET 1;1STQ001043M0000;CAB.2100X250X500 BL.DOOR,BACK_TOP PAN.;SCHR 2100X250X500_BL TUR, ZUR_TOP WAND;700.17;54.7;Missing
CABINET 1;1STQ001044M0000;CAB.2100X250X700 BL.DOOR,BACK_TOP PAN.;SCHR 2100X250X700_BL TUR, ZUR_TOP WAND;705.93;56.8;Missing
CABINET 1;1STQ001045M0000;CAB.2100X500X200 BL.DOOR,BACK_TOP PAN.;SCHR 2100X500X200_BL TUR, ZUR_TOP WAND;731.37;68.9;Missing
CABINET 1;1STQ001046M0000;CAB.2100X500X300 BL.DOOR,BACK_TOP PAN.;SCHR 2100X500X300_BL TUR, ZUR_TOP WAND;739.75;70.1;Missing
CABINET 1;1STQ001047M0000;CAB.2100X500X500 BL.DOOR,BACK_TOP PAN.;SCHR 2100X500X500_BL TUR, ZUR_TOP WAND;775.98;72.8;Missing
CABINET 1;1STQ001048M0000;CAB.2100X500X700 BL.DOOR,BACK_TOP PAN.;SCHR 2100X500X700_BL TUR, ZUR_TOP WAND;817.37;75.6;Missing
CABINET 1;1STQ001049M0000;CAB.2100X750X200 BL.DOOR,BACK_TOP PAN.;SCHR 2100X750X200_BL TUR, ZUR_TOP WAND;840.39;85.2;Missing
CABINET 1;1STQ001050M0000;CAB.2100X750X300 BL.DOOR,BACK_TOP PAN.;SCHR 2100X750X300_BL TUR, ZUR_TOP WAND;847.89;86.7;Missing
CABINET 1;1STQ001051M0000;CAB.2100X750X500 BL.DOOR,BACK_TOP PAN.;SCHR 2100X750X500_BL TUR, ZUR_TOP WAND;888.15;90.4;Missing
CABINET 1;1STQ001052M0000;CAB.2100X750X700 BL.DOOR,BACK_TOP PAN.;SCHR 2100X750X700_BL TUR, ZUR_TOP WAND;924.81;93.8;Missing
CABINET 1;1STQ001053M0000;CAB.2100X1000X200 BL.DOOR,BACK_TOP PAN.;SCHR 2100X1000X200_BL TUR, ZUR_TOP WAND;1062.79;102.4;Missing
CABINET 1;1STQ001054M0000;CAB.2100X1000X300 BL.DOOR,BACK_TOP PAN.;SCHR 2100X1000X300_BL TUR, ZUR_TOP WAND;1074.97;104.2;Missing
CABINET 1;1STQ001055M0000;CAB.2100X1000X500 BL.DOOR,BACK_TOP PAN.;SCHR 2100X1000X500_BL TUR, ZUR_TOP WAND;1111.53;108.1;Missing
CABINET 1;1STQ001056M0000;CAB.2100X1000X700 BL.DOOR,BACK_TOP PAN.;SCHR 2100X1000X700_BL TUR, ZUR_TOP WAND;1152.2;112.0;Missing
CABINET 1;1STQ001057M0000;CAB.2100X1250X200 BL.DOOR,BACK_TOP PAN.;SCHR 2100X1250X200_BL TUR, ZUR_TOP WAND;1209.18;138.0;Missing
CABINET 1;1STQ001058M0000;CAB.2100X1250X300 BL.DOOR,BACK_TOP PAN.;SCHR 2100X1250X300_BL TUR, ZUR_TOP WAND;1222.97;140.1;Missing
CABINET 1;1STQ001059M0000;CAB.2100X1250X500 BL.DOOR,BACK_TOP PAN.;SCHR 2100X1250X500_BL TUR, ZUR_TOP WAND;1268.98;144.6;Missing
CABINET 1;1STQ001060M0000;CAB.2100X1250X700 BL.DOOR,BACK_TOP PAN.;SCHR 2100X1250X700_BL TUR, ZUR_TOP WAND;1300.26;149.2;Missing
CABINET 2;1STQ001061M0000;CABINET 1800X250X200 WITH BACK PANEL;SCHRANK 1800X250X200 MIT ZUR WAND;406.19;28.8;Missing
CABINET 2;1STQ001062M0000;CABINET 1800X250X300 WITH BACK PANEL;SCHRANK 1800X250X300 MIT ZUR WAND;410.93;29.3;Missing
CABINET 2;1STQ001063M0000;CABINET 1800X250X500 WITH BACK PANEL;SCHRANK 1800X250X500 MIT ZUR WAND;444.12;30.6;Missing
CABINET 2;1STQ001064M0000;CABINET 1800X250X700 WITH BACK PANEL;SCHRANK 1800X250X700 MIT ZUR WAND;242.83;31.9;Missing
CABINET 2;1STQ001065M0000;CABINET 1800X500X200 WITH BACK PANEL;SCHRANK 1800X500X200 MIT ZUR WAND;451.81;36.8;Missing
CABINET 2;1STQ001066M0000;CABINET 1800X500X300 WITH BACK PANEL;SCHRANK 1800X500X300 MIT ZUR WAND;456.54;37.3;Missing
CABINET 2;1STQ001067M0000;CABINET 1800X500X500 WITH BACK PANEL;SCHRANK 1800X500X500 MIT ZUR WAND;489.74;38.6;Missing
CABINET 2;1STQ001068M0000;CABINET 1800X500X700 WITH BACK PANEL;SCHRANK 1800X500X700 MIT ZUR WAND;521.01;40.0;Missing
CABINET 2;1STQ001069M0000;CABINET 1800X750X200 WITH BACK PANEL;SCHRANK 1800X750X200 MIT ZUR WAND;512.63;44.8;Missing
CABINET 2;1STQ001070M0000;CABINET 1800X750X300 WITH BACK PANEL;SCHRANK 1800X750X300 MIT ZUR WAND;517.37;45.3;Missing
CABINET 2;1STQ001071M0000;CABINET 1800X750X500 WITH BACK PANEL;SCHRANK 1800X750X500 MIT ZUR WAND;550.56;46.6;Missing
CABINET 2;1STQ001072M0000;CABINET 1800X750X700 WITH BACK PANEL;SCHRANK 1800X750X700 MIT ZUR WAND;581.84;48.0;Missing
CABINET 2;1STQ001073M0000;CABINET 1800X1000X200 WITH BACK PANEL;SCHRANK 1800X1000X200 MIT ZUR WAND;562.12;54.3;Missing
CABINET 2;1STQ001074M0000;CABINET 1800X1000X300 WITH BACK PANEL;SCHRANK 1800X1000X300 MIT ZUR WAND;566.86;54.8;Missing
CABINET 2;1STQ001075M0000;CABINET 1800X1000X500 WITH BACK PANEL;SCHRANK 1800X1000X500 MIT ZUR WAND;600.05;56.1;Missing
CABINET 2;1STQ001076M0000;CABINET 1800X1000X700 WITH BACK PANEL;SCHRANK 1800X1000X700 MIT ZUR WAND;631.33;57.4;Missing
CABINET 2;1STQ001077M0000;CABINET 1800X1250X200 WITH BACK PANEL;SCHRANK 1800X1250X200 MIT ZUR WAND;636.77;69.2;Missing
CABINET 2;1STQ001078M0000;CABINET 1800X1250X300 WITH BACK PANEL;SCHRANK 1800X1250X300 MIT ZUR WAND;641.51;69.7;Missing
CABINET 2;1STQ001079M0000;CABINET 1800X1250X500 WITH BACK PANEL;SCHRANK 1800X1250X500 MIT ZUR WAND;674.7;71.0;Missing
CABINET 2;1STQ001080M0000;CABINET 1800X1250X700 WITH BACK PANEL;SCHRANK 1800X1250X700 MIT ZUR WAND;705.98;72.4;Missing
CABINET 2;1STQ001081M0000;CABINET 2100X250X200 WITH BACK PANEL;SCHRANK 2100X250X200 MIT ZUR WAND;463.55;33.1;Missing
CABINET 2;1STQ001082M0000;CABINET 2100X250X300 WITH BACK PANEL;SCHRANK 2100X250X300 MIT ZUR WAND;468.29;33.6;Missing
CABINET 2;1STQ001083M0000;CABINET 2100X250X500 WITH BACK PANEL;SCHRANK 2100X250X500 MIT ZUR WAND;501.48;34.9;Missing
CABINET 2;1STQ001084M0000;CABINET 2100X250X700 WITH BACK PANEL;SCHRANK 2100X250X700 MIT ZUR WAND;463.55;36.2;Missing
CABINET 2;1STQ001085M0000;CABINET 2100X500X200 WITH BACK PANEL;SCHRANK 2100X500X200 MIT ZUR WAND;504.35;42.6;Missing
CABINET 2;1STQ001086M0000;CABINET 2100X500X300 WITH BACK PANEL;SCHRANK 2100X500X300 MIT ZUR WAND;509.09;43.1;Missing
CABINET 2;1STQ001087M0000;CABINET 2100X500X500 WITH BACK PANEL;SCHRANK 2100X500X500 MIT ZUR WAND;542.28;44.4;Missing
CABINET 2;1STQ001088M0000;CABINET 2100X500X700 WITH BACK PANEL;SCHRANK 2100X500X700 MIT ZUR WAND;573.56;45.8;Missing
CABINET 2;1STQ001089M0000;CABINET 2100X750X200 WITH BACK PANEL;SCHRANK 2100X750X200 MIT ZUR WAND;564.49;51.1;Missing
CABINET 2;1STQ00108M0000;CABINET 2100X750X300 WITH BACK PANEL;SCHRANK 2100X750X300 MIT ZUR WAND;726.93;51.6;Missing
CABINET 2;1STQ001090M0000;CABINET 2100X750X500 WITH BACK PANEL;SCHRANK 2100X750X500 MIT ZUR WAND;569.22;52.9;Missing
CABINET 2;1STQ001091M0000;CABINET 2100X750X700 WITH BACK PANEL;SCHRANK 2100X750X700 MIT ZUR WAND;602.42;54.3;Missing
CABINET 2;1STQ001092M0000;CABINET 2100X1000X200 WITH BACK PANEL;SCHRANK 2100X1000X200 MIT ZUR WAND;633.69;60.1;Missing
CABINET 2;1STQ001093M0000;CABINET 2100X1000X300 WITH BACK PANEL;SCHRANK 2100X1000X300 MIT ZUR WAND;617.54;60.6;Missing
CABINET 2;1STQ001094M0000;CABINET 2100X1000X500 WITH BACK PANEL;SCHRANK 2100X1000X500 MIT ZUR WAND;622.27;61.9;Missing
CABINET 2;1STQ001095M0000;CABINET 2100X1000X700 WITH BACK PANEL;SCHRANK 2100X1000X700 MIT ZUR WAND;655.47;63.2;Missing
CABINET 2;1STQ001096M0000;CABINET 2100X1250X200 WITH BACK PANEL;SCHRANK 2100X1250X200 MIT ZUR WAND;686.74;78.5;Missing
CABINET 2;1STQ001097M0000;CABINET 2100X1250X300 WITH BACK PANEL;SCHRANK 2100X1250X300 MIT ZUR WAND;722.19;79.0;Missing
CABINET 2;1STQ001099M0000;CABINET 2100X1250X500 WITH BACK PANEL;SCHRANK 2100X1250X500 MIT ZUR WAND;760.12;80.3;Missing
CABINET 2;1STQ001100M0000;CABINET 2100X1250X700 WITH BACK PANEL;SCHRANK 2100X1250X700 MIT ZUR WAND;791.4;81.7;Missing
EV0103;1STQ006608A0000;n° 20 SCREW M5 NYLON WASHER;n° 20 SCHRAUBE M5 NYLON SCHEIBE;20.61;0.5;Missing
EV0104;1STQ006609A0000;n° 20 SCREW M6 NYLON WASHER;n° 20 SCHRAUBE M6 NYLON SCHEIBE;21.8;0.5;Missing
EV0114;1STQ006545A0000;N.10 FLANGES 28 CABLES ENTRY 214X90;N.10 FLANSCH.28 KABLEN ZUGANG 214X90;42.45;1.0;Missing
EV0116;1STQ006546A0000;N.10 FLANGES 34 CABLES ENTRY 214X90;N.10 FLANSCH. 34 KABLEN ZUGANG 214X90;42.83;1.0;Missing
EV0117;1STQ006547A0000;MODULAR FLANGE FRAME  214X90;MODULAR. FLANSCH FRAME  214X90;18.16;0.8;Missing
EV0119;1STQ006548A0000;INSERT 68X68 2 CABLES D.8/17+2  D.5/10;EINSATZ 68X68 2 KABELN D.8/17+2  D.5/10;68.25;0.2;Missing
EV0121;1STQ006549A0000;INSERT 68X68 1 CABLE M32/M40/M50;EINSATZ 68X68 1 KABEL M32/M40/M50;68.25;0.2;Missing
EV0123;1STQ006550A0000;INSERT 68X68 9 CABLES DIAM.7/14;EINSATZ 68X68 9 KABELN DIAM.7/14;71.07;0.2;Missing
EV0124;1STQ006551A0000;INSERT 68X68 2 CABLES D.10/20+2  D.20/30;EINSATZ 68X68 2 KABELN D.10/20+2 D.20/30;66.51;0.2;Missing
EV0125;1STQ006552A0000;INSERT 34X68 2 CABLES D.8/17;EINSATZ 34X68 2 KABELN D.8/17;40.69;0.1;Missing
EV0126;1STQ006553A0000;INSERT 34X68 2 CABLES D.6/13;EINSATZ 34X68 2 KABELN D.6/13;40.69;0.1;Missing
EV0127;1STQ006554A0000;INSERT 34X68 10 CABLES D.4/10;EINSATZ 34X68 10 KABELN D.4/10;40.69;0.1;Missing
EV1050;1STQ000981A0000;N.10 ALUMINIUM PROFILE W=2000MM 30X15;10 ALUMINIUM PROFILEN 30X15X1,8 B=2000;236.59;6.9;Missing
EV1051;1STQ000982A0000;N.25 SUPPORT FOR EV1050;25 BEFESTIGUNG BUGELN EV1050;23.83;1.0;Missing
EV1056;1STQ000983A0000;N.100 NUTS 6MA FOR EV1050;100 ALUMINIUM NUSSE M6 EV1050;242.42;0.3;Missing
EV1058;1STQ000984A0000;N.100 NUTS 8MA FOR EV1050;100 ALUMINIUM NUSSE M8 EV1050;254.33;0.6;Missing
EV1090;1STQ000999A0000;N.10 CABLEBLOCK 9-16MM;10 KLAMMERN KABELSCHLOSSER D. 9-16;29.05;0.5;Missing
EV1091;1STQ001000A0000;N.10 CABLEBLOCK 16-30MM;10 KLAMMERN KABELSCHLOSSER D. 16-30;32.13;0.9;Missing
EV1092;1STQ001001A0000;N.5 CABLEBLOCK 30-48MM;5 KLAMMERN KABELSCHLOSSER D. 30-48;18.68;0.6;Missing
EV1093;1STQ001002A0000;N.5 CABLEBLOCK 48-72MM;5 KLAMMERN KABELSCHLOSSER D. 48-72;22.4;0.6;Missing
EV1100;1STQ001005A0000;N.1000 CROSS-CUT HEAD PIER.SCR.4.2X13MM;1000 SCHRAUBE 4,2X13 KREUZ KOPF;128.28;1.2;Missing
EV1101;1STQ001006A0000;N.1000 CROSS-CUT HEAD PIER.SCR.4.2X19MM;1000 SCHRAUBE 4,2X19 KREUZ KOPF;151.96;1.3;Missing
PBBS0001;1STQ002146B0000;2 BRACKETS FOR PROFILE TYPE 1,2,3,10;HALTERUNGEN FÜR PROFILTYP 1,2,3,10;13;0.2;Missing
PBBS0020;1STQ002333B0000;2 BRACKETS FOR CABLE FIXING;HALTERUNGEN FÜR KABELBEFESTIGUNGS;10;0.2;Missing
PBCE1100;1STQ002150B0000;MBB ED 100X10 CORNER;HAUPTSAMMELSCH.ENER.DIST.100X10 ECK.STR.;0;17.9;Missing
PBCE5100;1STQ002151B0000;MBB ED 50X10 CORNER;HAUPTSAMMELSCH.ENER.DIST.50X10 ECK.STR.;0;5.9;Missing
PBCE6100;1STQ002152B0000;MBB ED 60X10 CORNER;HAUPTSAMMELSCH.ENER.DIST.60X10 ECK.STR.;0;6.9;Missing
PBCE8100;1STQ002153B0000;MBB ED 80X10 CORNER;HAUPTSAMMELSCH.ENER.DIST.80X10 ECK.STR.;0;9;Missing
PBCM0004;1STQ009354A0000;FIXING BRAKETS COMBILINE;BEFESTIGUNGSWINKELN COMBILINE;23;0.6;Missing
PBNC3100;1STQ002155B0000;N-PE STRAIGHT CONN. ED 30X10;N-PE DIREKT.VERB.ENERGY DISTRIB.30X10;0;0.4;Missing
PBNC4100;1STQ002156B0000;N-PE STRAIGHT CONN. ED 40X10;N-PE DIREKT.VERB.ENERGY DISTRIB.40X10;0;0.5;Missing
PBNE1101;1STQ002160B0000;N CORNER BAR ED 100X10;N ECK.SCH.ENERGY DISTRIBUTION 100X10;0;20.3;Missing
PBNE1102;1STQ002161B0000;PE CORNER BAR ED 100X10;PE ECK.SCH.ENERGY DISTRIBUTION 100X10;0;11.3;Missing
PBNE1110;1STQ002162B0000;N-PE BAR ED W1000 100X10;N-PE SCH.ENERGY DISTRIBUT.B1000 100X10;0;9.2;Missing
PBNE1150;1STQ002163B0000;N-PE BAR ED W500 100X10;N-PE SCH.ENERGY DISTRIBUTION B500 100X10;0;4.9;Missing
PBNE1175;1STQ002164B0000;N-PE BAR ED W750 100X10;N-PE SCH.ENERGY DISTRIBUTION B750 100X10;0;7;Missing
PBNE3101;1STQ002165B0000;N CORNER BAR ED 30X10;N ECK.SCH.ENERGY DISTRIBUTION 30X10;0;6;Missing
PBNE3102;1STQ002166B0000;PE CORNER BAR ED 30X10;PE ECK.SCH.ENERGY DISTRIBUTION 30X10;0;2;Missing
PBNE3110;1STQ002167B0000;N-PE BAR ED W1000 30X10;N-PE SCH.ENERGY DISTRIBUTION B1000 30X10;0;2.7;Missing
PBNE3150;1STQ002168B0000;N-PE BAR ED W500 30X10;N-PE SCH.ENERGY DISTRIBUTION B500 30X10;0;1.4;Missing
PBNE3175;1STQ002169B0000;N-PE BAR ED W750 30X10;N-PE SCH.ENERGY DISTRIBUTION B750 30X10;0;2;Missing
PBNE4101;1STQ002170B0000;N CORNER BAR ED 40X10;N ECK.SCH.ENERGY DISTRIBUTION 40X10;0;8;Missing
PBNE4110;1STQ002172B0000;N-PE BAR ED W1000 40X10;N-PE SCH.ENERGY DISTRIBUTION B1000 40X10;0;3.8;Missing
PBNE4150;1STQ002173B0000;N-PE BAR ED W500 40X10;N-PE SCH.ENERGY DISTRIBUTION B500 40X10;0;2;Missing
PBNE4175;1STQ002174B0000;N-PE BAR ED W750 40X10;N-PE SCH.ENERGY DISTRIBUTION B750 40X10;0;2.9;Missing
PBNE5101;1STQ002175B0000;N CORNER BAR ED 50X10;N ECK.SCH.ENERGY DISTRIBUTION 50X10;0;10.1;Missing
PBNE5110;1STQ002177B0000;N-PE BAR ED W1000 50X10;N-PE SCH.ENERGY DISTRIBUTION B1000 50X10;0;4.6;Missing
PBNE5150;1STQ002178B0000;N-PE BAR ED W500 50X10;N-PE SCH.ENERGY DISTRIBUTION B500 50X10;0;2.4;Missing
PBNE5175;1STQ002179B0000;N-PE BAR ED W750 50X10;N-PE SCH.ENERGY DISTRIBUTION B750 50X10;0;3.5;Missing
PBNE6101;1STQ002180B0000;N CORNER BAR ED 60X10;N ECK.SCH.ENERGY DISTRIBUTION 60X10;0;12.1;Missing
PBNE6110;1STQ002182B0000;N-PE BAR ED W1000 60X10;N-PE SCH.ENERGY DISTRIBUTION B1000 60X10;0;5.5;Missing
PBNE6150;1STQ002183B0000;N-PE BAR ED W500 60X10;N-PE SCH.ENERGY DISTRIBUTION B500 60X10;0;2.9;Missing
PBNE6175;1STQ002184B0000;N-PE BAR ED W750 60X10;N-PE SCH.ENERGY DISTRIBUTION B750 60X10;0;4.2;Missing
PBNE8101;1STQ002185B0000;N CORNER BAR ED 80X10;N ECK.SCH.ENERGY DISTRIBUTION 80X10;0;16.2;Missing
PBNE8110;1STQ002187B0000;N-PE BAR ED W1000 80X10;N-PE SCH.ENERGY DISTRIBUTION B1000 80X10;0;7.4;Missing
PBNE8150;1STQ002188B0000;N-PE BAR ED W500 80X10;N-PE SCH.ENERGY DISTRIBUTION B500 80X10;0;3.9;Missing
PBNE8175;1STQ002189B0000;N-PE BAR ED W750 80X10;N-PE SCH.ENERGY DISTRIBUTION B750 80X10;0;5.7;Missing
PBPC1100;1STQ002190B0000;PHASE STRAIGHT CONN. ED 100X10;PHASE DIREKT.VERB.ENERGY DISTR.100X10;0;1.1;Missing
PBPC1101;1STQ002191B0000;PHASE BENT CONN. ED 100X10 FOR E2.2;PHASE GEBO.VERB.ENERGY DISTR.100X10 E2.2;0;3.3;Missing
PBPC5100;1STQ002192B0000;PHASE STRAIGHT CONN. ED 50X10;PHASE DIREKT.VERB.ENERGY DISTR.50X10;0;0.6;Missing
PBPC6100;1STQ002193B0000;PHASE STRAIGHT CONN. ED 60X10;PHASE DIREKT.VERB.ENERGY DISTR.60X10;0;0.7;Missing
PBPC8100;1STQ002194B0000;PHASE STRAIGHT CONN. ED 80X10;PHASE DIREKT.VERB.ENERGY DISTR.80X10;0;0.9;Missing
PBPE0002;1STQ002196B0000;N.2 N-PE HOLDERS ED;N.2 N-PE-UNTERSTÜZUN.ENERGY DISTRIBUTION;17.32;2;Missing
PBPI1150;1STQ002197B0000;MBB ED 100X10 W500 INCOMER COL.;HAUPTSAMM.EN.DISTR.100X10 B500 EING.STR.;0;15;Missing
PBPI5150;1STQ002198B0000;MBB ED 50X10 W500 INCOMER COL.;HAUPTSAMM.EN.DISTR.50X10 B500 EING.STR.;0;7.5;Missing
PBPI6150;1STQ002199B0000;MBB ED 60X10 W500 INCOMER COL.;HAUPTSAMM.EN.DISTR.60X10 B500 EING.STR.;0;9;Missing
PBPI8150;1STQ002200B0000;MBB ED 80X10 W500 INCOMER COL.;HAUPTSAMM.EN.DISTR.80X10 B500 EING.STR.;0;12;Missing
PBPO1110;1STQ002201B0000;MBB ED 100X10 W1000 FEEDERS COL.;HAUPTSAMM.EN.DIS.100X10 B1000 STROM.STR.;0;28.6;Missing
PBPO1150;1STQ002202B0000;MBB ED 100X10 W500 FEEDERS COL.;HAUPTSAMM.EN.DIS.100X10 B500 STROM.STR.;0;15.3;Missing
PBPO1175;1STQ002203B0000;MBB ED 100X10 W750 FEEDERS COL.;HAUPTSAMM.EN.DIS.100X10 B750 STROM.STR.;0;22;Missing
PBPO5110;1STQ002204B0000;MBB ED 50X10 W1000 FEEDERS COL.;HAUPTSAMM.EN.DIS.50X10 B1000 STROM.STR.;0;14.3;Missing
PBPO5150;1STQ002205B0000;MBB ED 50X10 W500 FEEDERS COL.;HAUPTSAMM.EN.DIS.50X10 B500 STROM.STR.;0;7.7;Missing
PBPO5175;1STQ002206B0000;MBB ED 50X10 W750 FEEDERS COL.;HAUPTSAMM.EN.DIS.50X10 B750 STROM.STR.;0;11;Missing
PBPO6110;1STQ002207B0000;MBB ED 60X10 W1000 FEEDERS COL.;HAUPTSAMM.EN.DIS.60X10 B1000 STROM.STR.;0;17.2;Missing
PBPO6150;1STQ002208B0000;MBB ED 60X10 W500 FEEDERS COL.;HAUPTSAMM.EN.DIS.60X10 B500 STROM.STR.;0;9.2;Missing
PBPO6175;1STQ002209B0000;MBB ED 60X10 W750 FEEDERS COL.;HAUPTSAMM.EN.DIS.60X10 B750 STROM.STR.;0;13.2;Missing
PBPO8110;1STQ002210B0000;MBB ED 80X10 W1000 FEEDERS COL.;HAUPTSAMM.EN.DIS.80X10 B1000 STROM.STR.;0;23;Missing
PBPO8150;1STQ002211B0000;MBB ED 80X10 W500 FEEDERS COL.;HAUPTSAMM.EN.DIS.80X10 B500 STROM.STR.;0;12.3;Missing
PBPO8175;1STQ002212B0000;MBB ED 80X10 W750 FEEDERS COL.;HAUPTSAMM.EN.DIS.80X10 B750 STROM.STR.;0;17.6;Missing
PBRE0002;1STQ002213B0000;DISTRIBUTION BUSBAR SUPPORT FOR ED;SAMMELSCHIEN.UNTERST.FÜR ENERGY DISTRIB.;112.32;6;Missing
PBRL0002;1STQ008116A0000;N.2 LIFTING SUPPORTS FOR SIDE BY SIDE ST;N.2 HEBEUNTERSTUTZUNG FUR NEBENEINAN.ST.;86.21;1.5;Missing
PBWF0002;1STQ008115A0000;N.2 WALL FIXING BRACKETS;N.2 HALTEWINKEL ZUR WANDBEFESTIGUNG;16.89;0.1;Missing
PBWF1026;1STQ002214B0000;KIT BOT.W/O PLINTH TWIN W1000 D200;KIT BOD.OHNE SOCKEL TWINLINE B1000 D200;54.33;2.5;Missing
PBWF1036;1STQ002215B0000;KIT BOT.W/O PLINTH TWIN W1000 D300;KIT BOD.OHNE SOCKEL TWINLINE B1000 D300;61.55;3.8;Missing
PBWF1056;1STQ002216B0000;KIT BOT.W/O PLINTH TWIN W1000 D500;KIT BOD.OHNE SOCKEL TWINLINE B1000 T500;64.82;6.4;Missing
PBWF1057;1STQ002217B0000;KIT BOT.W/O PLINTH 2TWIN W1000 D500;KIT BOD.OHNE SOCK.2 REH.TWINL.B1000 T500;74.54;5.8;Missing
PBWF1076;1STQ002218B0000;KIT BOT.W/O PLINTH TWIN W1000 D700;KIT BOD.OHNE SOCKEL TWINLINE B1000 T700;73.91;9.0;Missing
PBWF1077;1STQ002219B0000;KIT BOT.W/O PLINTH 2TWIN W1000 D700;KIT BOD.OHNE SOCK.2 REH.TWINL.B1000 T700;85;8.4;Missing
PBWF1226;1STQ002220B0000;KIT BOT.W/O PLINTH TWIN W1250 D200;KIT BOD.OHNE SOCKEL TWINLINE B1250 D200;58.66;3.1;Missing
PBWF1236;1STQ002221B0000;KIT BOT.W/O PLINTH TWIN W1250 D300;KIT BOD.OHNE SOCKEL TWINLINE B1250 D300;67.43;4.6;Missing
PBWF1256;1STQ002222B0000;KIT BOT.W/O PLINTH TWIN W1250 D500;KIT BOD.OHNE SOCKEL TWINLINE B1250 T500;71.62;7.6;Missing
PBWF1257;1STQ002223B0000;KIT BOT.W/O PLINTH 2TWIN W1250 D500;KIT BOD.OHNE SOCK.2 REH.TWINL.B1250 T500;82.37;6.9;Missing
PBWF1276;1STQ002224B0000;KIT BOT.W/O PLINTH TWIN W1250 D700;KIT BOD.OHNE SOCKEL TWINLINE B1250 T700;79.87;10.6;Missing
PBWF1277;1STQ002225B0000;KIT BOT.W/O PLINTH 2TWIN W1250 D700;KIT BOD.OHNE SOCK.2 REH.TWINL.B1250 T700;91.85;9.9;Missing
PBWF2526;1STQ002226B0000;KIT BOT.W/O PLINTH TWIN W250 D200;KIT BOD.OHNE SOCKEL TWINLINE B250 D200;26.85;0.7;Missing
PBWF2536;1STQ002227B0000;KIT BOT.W/O PLINTH TWIN W250 D300;KIT BOD.OHNE SOCKEL TWINLINE B250 D300;28.91;1.1;Missing
PBWF2556;1STQ002228B0000;KIT BOT.W/O PLINTH TWIN W250 D500;KIT BOD.OHNE SOCKEL TWINLINE B250 T500;31.8;1.9;Missing
PBWF2557;1STQ002229B0000;KIT BOT.W/O PLINTH 2TWIN W250 D500;KIT BOD.OHNE SOCK.2 REH.TWINL.B250 T500;36.57;1.8;Missing
PBWF2576;1STQ002230B0000;KIT BOT.W/O PLINTH TWIN W250 D700;KIT BOD.OHNE SOCKEL TWINLINE B250 T700;35.36;2.7;Missing
PBWF2577;1STQ002231B0000;KIT BOT.W/O PLINTH 2TWIN W250 D700;KIT BOD.OHNE SOCK.2 REH.TWINL.B250 T700;40.66;2.6;Missing
PBWF3056;1STQ002232B0000;KIT BOT.W/O PLINTH TWIN W/D300 D/W500;KIT BOD.OHNE SOCK.TWINLINE W/D300 D/B500;32.45;2.0;Missing
PBWF5026;1STQ002233B0000;KIT BOT.W/O PLINTH TWIN W500 D200;KIT BOD.OHNE SOCKEL TWINLINE B500 D200;28.91;1.3;Missing
PBWF5050;1STQ002234B0000;KIT BOT.W/O PLINTH TWIN W500 D500;KIT BOD.OHNE SOCKEL TWINLINE B500 T500;35.39;3.2;Missing
PBWF5051;1STQ002235B0000;KIT BOT.W/O PLINTH TRILINE  W500 D500;KIT BOD.OHNE SOCKEL TRILINE B500 T500;45.32;3.1;Missing
PBWF5057;1STQ002236B0000;KIT BOT.W/O PLINTH 2TWIN W500 D500;KIT BOD.OHNE SOCK.2 REH.TWINL.B500 T500;40.69;2.3;Missing
PBWF5076;1STQ002237B0000;KIT BOT.W/O PLINTH TWIN W500 D700;KIT BOD.OHNE SOCKEL TWINLINE B500 T700;45.2;4.5;Missing
PBWF5077;1STQ002238B0000;KIT BOT.W/O PLINTH 2TWIN W500 D700;KIT BOD.OHNE SOCK.2 REH.TWINL.B500 T700;51.98;4.0;Missing
PBWF7526;1STQ002239B0000;KIT BOT.W/O PLINTH TWIN W750 D200;KIT BOD.OHNE SOCKEL TWINLINE B750 D200;35.66;1.6;Missing
PBWF7536;1STQ002240B0000;KIT BOT.W/O PLINTH TWIN W750 D300;KIT BOD.OHNE SOCKEL TWINLINE B750 D300;38.33;2.5;Missing
PBWF7556;1STQ002241B0000;KIT BOT.W/O PLINTH TWIN W750 D500;KIT BOD.OHNE SOCKEL TWINLINE B750 T500;45.2;4.3;Missing
PBWF7557;1STQ002242B0000;KIT FON.NO ZOC.2 FI. TWINLINE L750 P500;KIT BOD.OHNE SOCK.2 REH.TWINL.B750 T500;51.98;3.8;Missing
PBWF7576;1STQ002243B0000;KIT BOT.W/O PLINTH TWIN W750 D700;KIT BOD.OHNE SOCKEL TWINLINE B750 T700;50.41;6.1;Missing
PBWF7577;1STQ002244B0000;KIT BOT.W/O PLINTH 2TWIN W750 D700;KIT BOD.OHNE SOCKEL 2 REH.TWIN.B750 T700;57.97;5.5;Missing
PBWP1020;1STQ002245B0000;KIT BOT.WITH-OUT PLINTH W=1000MM D=200MM;KIT BOD.OHNE SOCKEL B1000 D200;53.21;3.1;Missing
PBWP1030;1STQ007196A0000;KIT BOT.WITH-OUT PLINTH W1000MM D=300MM;KIT BODEN MIT/OHNE SOC.B=1000MM T=300MM;60.28;4.8;Missing
PBWP1050;1STQ007197A0000;KIT BOT.WITH-OUT PLINTH W1000MM D=500MM;KIT BODEN MIT/OHNE SOC.B=1000MM T=500MM;63.48;7.3;Missing
PBWP1070;1STQ007198A0000;KIT BOT.WITH-OUT PLINTH W1000MM D=700MM;KIT BODEN MIT/OHNE SOC.B=1000MM T=700MM;72.39;9.6;Missing
PBWP1220;1STQ002246B0000;KIT BOT.WITH-OUT PLINTH W=1250MM D=200MM;KIT BOTTOM OHNE SOCKEL B1250 D200;57.45;3.9;Missing
PBWP1230;1STQ007200A0000;KIT BOT.WITH-OUT PLINTH W=1250MM D=300MM;KIT BODEN MIT/OHNE SOC.B=1250MM T=300MM;66.04;5.4;Missing
PBWP1250;1STQ007201A0000;KIT BOT.WITH-OUT PLINTH W=1250MM D=500MM;KIT BODEN MIT/OHNE SOC.B=1250MM T=500MM;70.15;9.6;Missing
PBWP1270;1STQ007202A0000;KIT BOT.WITH-OUT PLINTH W=1250MM D=700MM;KIT BODEN MIT/OHNE SOC.B=1250MM T=700MM;78.22;13.0;Missing
PBWP2520;1STQ001279B0000;KIT BOT.WITH-OUT PLINTH W=250MM D=200MM;KIT BODEN MIT/OHNE SOC.B=250MM T=200MM;26.3;1.2;Missing
PBWP2530;1STQ007168A0000;KIT BOT. WITH-OUT PLINTH W=250MM D=300MM;KIT BODEN MIT/OHNE SOC. B=250MM T=300MM;28.31;1.4;Missing
PBWP2550;1STQ007169A0000;KIT BOT.WITH-OUT PLINTH W=250MM D=500MM;KIT BODEN MIT/OHNE SOC. B=250MM T=500MM;31.14;2.2;Missing
PBWP2570;1STQ007170A0000;KIT BOT.WITH-OUT PLINTH W=250MM D=700MM;KIT BODEN MIT/OHNE SOC. B=250MM T=700MM;34.63;3.0;Missing
PBWP3050;1STQ007173A0000;KIT BOT.WITH-OUT PLIN. W/D300MM D/W500MM;KIT BODEN MIT/OHNE SO.B/T300MM T/B=500MM;31.78;2.7;Missing
PBWP5020;1STQ001297B0000;KIT BOT.WITH-OUT PLINTH W=500MM D=200MM;KIT BODEN MIT/OHNE SOC.B=500MM T=200MM;28.31;1.9;Missing
PBWP5050;1STQ007181A0000;KIT BOT.WITH-OUT PLINTH W=500MM D=500MM;KIT BODEN MIT/OHNE SOC.B=500MM T=500MM;34.66;3.8;Missing
PBWP5070;1STQ007182A0000;KIT BOT.WITH-OUT PLINTH W=500MM D=700MM;KIT BODEN MIT/OHNE SOC.B=500MM T=700MM;44.27;5.1;Missing
PBWP7520;1STQ001313B0000;KIT BOT.WITH-OUT PLINTH W=750MM D=200MM;KIT BODEN MIT/OHNE SOC.B=750MM T=200MM;34.92;2.7;Missing
PBWP7530;1STQ007188A0000;KIT BOT WITH-OUT PLINTHW=750MM D=300MM;KIT BODEN MIT/OHNE SOC.B=750MM T=300MM;37.54;3.7;Missing
PBWP7550;1STQ007189A0000;KIT BOT.WITH-OUT PLINTH W=750MM D=500MM;KIT BODEN MIT/OHNE SOC.B=750MM T=500MM;44.27;5.4;Missing
PBWP7570;1STQ007190A0000;KIT BOT.WITH-OUT PLINTH W=750MM D=700MM;KIT BODEN MIT/OHNE SOC.B=750MM T=700MM;49.37;7.5;Missing
PCEE1160;1STQ002247B0000;1600A ENERGY DISTRIBUTION CONN. BB SIDE;1600A ENERGY DISTR.VERBINDUNG SCHI.SEIT;0;23.9;Missing
PCEE2200;1STQ002249B0000;2000A ENERGY DISTRIBUTION CONN. BB SIDE;2000A ENERGY DISTR.VERBINDUNG SCHI.SEIT;0;11.2;Missing
PCET7125;1STQ002251B0000;1250A ENERGY DISTRIBUTION CONN. BB SIDE;1250A ENERGY DISTR.VERBINDUNG SCHI.SEIT;0;14.2;Missing
PCFM0200;1STQ007045A0000;4 GALVANIZ. SHEET CROSSPIECES D=200MM;4 VERZINKTE VERBINDUNGSTUCKE T=200MM;56.37;1.8;Missing
PCFM0250;1STQ007036A0000;4 GALVANIZ. SHEET CROSSPIECES W=250MM;4 VERZINKTE VERBINDUNGSTUCKE B=250MM;59.98;2.1;Missing
PCFM0300;1STQ007037A0000;4 GALVANIZ.SHEET CROSSPIECES W/D=300MM;4 VERZINKTE VERBINDUNGSTUCKE B/T=300MM;61.1;2.3;Missing
PCFM0500;1STQ007039A0000;4 GALVANIZ.SHEET CROSSPIECES W/D=500MM;4 VERZINKTE VERBINDUNGSTUCKE B/T=500MM;94.3;3.6;Missing
PCFM0700;1STQ007046A0000;4 GALVANIZ. SHEET CROSSPIECES D=700MM;4 VERZINKTE VERBINDUNGSTUCKE T=700MM;125.57;5.0;Missing
PCFM0750;1STQ007041A0000;4 GALVANIZ. SHEET CROSSPIECES W=750MM;4 VERZINKTE VERBINDUNGSTUCKE B=750MM;138.27;5.1;Missing
PCFM1000;1STQ007043A0000;4 GALVANIZ. SHEET CROSSPIECES W=1000MM;4 VERZINKTE VERBINDUNGSTUCKE B=1000MM;168.18;7.1;Missing
PCFM1250;1STQ007044A0000;4 GALVANIZ. SHEET CROSSPIECES W=1250MM;4 VERZINKTE VERBINDUNGSTUCKE B=1250MM;203.83;9.5;Missing
PCPA0004;1STQ008109A0000;N.4 ANGULAR PLINTH COVERS H=100MM;N.4 ECK.ABDECKPLATTEN FUR SOCKEL H=100MM;34.11;1.0;Missing
PCSS0024;1STQ009183A0000;N.24 SCREWS 1/4 TURN + WASCHERS;N.24 SCHRAUBEN 1/4 + WASCHER;47.74;0.2;Missing
PCTG1810;1STQ009928A0000;PROFILE TOUCH GUARD H=1800 W=1000;PROFILE TOUCH GUARD H=1800 B=1000;79.5;3.8;Missing
PCTG1812;1STQ001319B0000;TOUCH GUARD PROFILE H=1800 W=1250;TOUCH GUARD PROFILE H=1800 W=1250;85.5;5;Missing
PCTG1825;1STQ009368A0000;PROFILE TOUCH GUARD H=1800 B=250;PROFILE TOUCH GUARD H=1800 B=250;53;3;Missing
PCTG1850;1STQ009406A0000;PROFILE TOUCH GUARD H=1800 W=500;PROFILE TOUCH GUARD H=1800 B=500;59.5;3.2;Missing
PCTG1875;1STQ009385A0000;PROFILE TOUCH GUARD H=1800 W=750;PROFILE TOUCH GUARD H=1800 B=750;64;4;Missing
PCTG2110;1STQ002253B0000;TOUCH GUARD H2100 W1000;TOUCH GUARD H2100 W1000;79.5;4.4;Missing
PCTG2112;1STQ002254B0000;TOUCH GUARD H2100 W1250;TOUCH GUARD H2100 W1250;92.5;5.8;Missing
PCTG2125;1STQ002255B0000;TOUCH GUARD H2100 W250;TOUCH GUARD H2100 W250;60;3.2;Missing
PCTG2150;1STQ002256B0000;TOUCH GUARD H2100 W500;TOUCH GUARD H2100 W500;65.5;3.6;Missing
PCTG2175;1STQ002257B0000;TOUCH GUARD H2100 W750;TOUCH GUARD H2100 W750;70;4;Missing
PCWE1160;1STQ002248B0000;1600A ENERGY DISTRIBUTION CONN. WIR.SIDE;1600A ENERGY DISTR.VERBINDUNG KABEL.SEIT;0;16.5;Missing
PCWE2200;1STQ002250B0000;2000A ENERGY DISTRIBUTION CONN. WIR.SIDE;2000A ENERGY DISTR.VERBINDUNG KABEL.SEIT;0;25;Missing
PCWT7125;1STQ002252B0000;1250A ENERGY DISTRIBUTION CONN. WIR.SIDE;1250A ENERGY DISTR.VERBINDUNG KABEL.SEIT;0;10.5;Missing
PDFC0200;1STQ000640S0000;N.2 CROSSPIECES COMBILINE D.FRAME D=200;N.2 QUERSCHIENEN COMBILINE D.FRAME T=20;31;1;Missing
PDFC0300;1STQ000641S0000;N.2 CROSSPIECES COMBILINE D.FRAME D=300;N.2 QUERSCHIENEN COMBILINE D.FRAME T=300;33;1.2;Missing
PDFC0500;1STQ001931B0000;N.2 CROSSPIECES COMBILINE D.FRAME D=500;N.2 QUERSCHIENEN COMBILINE D.FRAME T=500;38;1.6;Missing
PDFC0700;1STQ000643S0000;N.2 CROSSPIECES COMBILINE D.FRAME D=700;N.2 QUERSCHIENEN COMBILINE D.FRAME T=700;41;2;Missing
PDLB1126;1STQ002258B0000;IP65 OVERL.BLIND DOOR H2100 W500;IP65 ÜBERLAPPEND BLIND TÜR H2100 B500;180;24.0;Missing
PDLB8126;1STQ002259B0000;IP65 OVERL.BLIND DOOR H1800 W500;IP65 ÜBERLAPPEND BLIND TÜR H1800 B500;165;22.0;Missing
PDLG1126;1STQ002547B0000;IP65 GL. OVERL.DOOR H=2100 W=500;IP65 GLAS TUR+UBERLAG. H=2100 B=500;270;24;Missing
PDLG8126;1STQ007312A0000;IP65 GL.DOOR  H=1800MM W=500MM;IP65 GLAS TUR H=1800MM B=500MM;247.5;20;Missing
PDNB1406;1STQ002260B0000;IP65 BL.DOOR X DOUB.D. H2100 W750 NO LE.;IP65 BLINDTÜR DO.TÜR H2100 B750 NO HEBEL;217.33;31.0;Missing
PDNB1506;1STQ002261B0000;IP65 BL.DOOR X DOU.D. H2100 W500 NO LE.;IP65 BLINDTÜR D.TÜR H2100 B500 NO HEBEL;180;24.0;Missing
PDNB1816;1STQ002262B0000;IP65 BLIND DOOR H1800 W1000 NO LEVER;IP65 BLINDTÜR H1800 B1000 NO HEBEL;306.32;34.5;Missing
PDNB1826;1STQ002263B0000;IP65 BLIND DOOR H1800 W250 NO LEVER;IP65 BLINDTÜR H1800 B250 NO HEBEL;113.12;15.5;Missing
PDNB1856;1STQ002264B0000;IP65 BLIND DOOR H1800 W500 NO LEVER;IP65 BLINDTÜR H1800 B500 NO HEBEL;152.21;22.0;Missing
PDNB1876;1STQ002265B0000;IP65 BLIND DOOR H1800 W750 NO LEVER;IP65 BLINDTÜR H1800 B750 NO HEBEL;194.69;28.0;Missing
PDNB2116;1STQ002266B0000;IP65 BLIND DOOR H2100 W1000 NO LEVER;IP65 BLINDTÜR H2100 B1000 NO HEBEL;332.12;38.5;Missing
PDNB2126;1STQ002267B0000;IP65 BLIND DOOR H2100 W250 NO LEVER;IP65 BLINDTÜR H2100 B250 NO HEBEL;136.71;17.0;Missing
PDNB2156;1STQ002268B0000;IP65 BLIND DOOR H2100 W500 NO LEVER;IP65 BLINDTÜR H2100 B500 NO HEBEL;168.03;24.0;Missing
PDNB2176;1STQ002269B0000;IP65 BLIND DOOR H2100 W750 NO LEVER;IP65 BLINDTÜR H2100 B750 NO HEBEL;209.95;31.0;Missing
PDNB8406;1STQ002270B0000;IP65 BL.DOOR X DOUB.D. H1800 W750 NO LE.;IP65 BLINDTÜR DOP.TÜR H1800 B750 NO HEB.;221.97;28.0;Missing
PDNB8506;1STQ002271B0000;IP65 BL.DOOR X DOU.D. H1800 W500 NO LE.;IP65 BLINDTÜR DO.TÜR H1800 B500 NO HEB.;165;22.0;Missing
PDNG1406;1STQ002272B0000;IP65 GL.DOOR X DOUB.D. H2100 W750 NO LE.;IP65 GLAS.TÜR DOP.TÜR H2100 B750 NO HEB.;326;30.5;Missing
PDNG1506;1STQ002273B0000;IP65 GL.DOOR X DOU.D. H2100 W500 NO LE.;IP65 GLAS.TÜR DO.TÜR H2100 B500 NO HEB.;270;24;Missing
PDNG1816;1STQ002274B0000;IP65 GL.DOOR 48 DIN H1800 W1000 NO LEVER;IP65 GLAS.TÜR 48 DIN H1800 B1000 NO HEB.;431.91;32.0;Missing
PDNG1856;1STQ002275B0000;IP65 GL.DOOR H1800 W500 NO LEVER;IP65 VERGLASTE TÜR H1800 B500 NO HEBEL;214.62;20.0;Missing
PDNG1876;1STQ002276B0000;IP65 GL.DOOR H1800 W750 NO LEVER;IP65 VERGLASTE TÜR H1800 B750 NO HEBEL;274.51;26.5;Missing
PDNG2116;1STQ002277B0000;IP65 GL.DOOR 48 DIN H2100 W1000 NO LEVER;IP65 SICHTTÜR 48 DIN H2100 B1000 NO HEB.;468.29;37.0;Missing
PDNG2156;1STQ002278B0000;IP65 GL.DOOR H2100 W500 NO LEVER;IP65 VERGLASTE TÜR H2100 B500 NO HEBEL;236.92;24.0;Missing
PDNG2176;1STQ002279B0000;IP65 GL.DOOR H2100 W750 NO LEVER;IP65 VERGLASTE TÜR H2100 B750 NO HEBEL;296.03;30.5;Missing
PDNG8406;1STQ002280B0000;IP65 GL.DOOR X DOUB.D. H1800 W750 NO LE.;IP65 GLAS.TÜR DOP.TÜR H1800 B750 NO HEB.;332;26.5;Missing
PDNG8506;1STQ002281B0000;IP65 GL.DOOR X DOU.D. H1800 W500 NO LE.;IP65 GLAS.TÜR DOP.TÜR H1800 B500 NO HE.;247.5;20;Missing
PEBL0004;1STQ008112A0000;N.4 STEEL LIFTING EYEBOLTS M12;N.4 STUCK TRANSPORTOSEN STAHL M12;25.91;0.7;Missing
PHDR0004;1STQ009159A0000;N.4 HINGES FOR STANDARD DOOR;N.4 SCHARNIEREN  FUR STANDARDISIERTE TUR;66.53;0.2;Missing
PHFR4180;1STQ009158A0000;N.4 HINGES WITH OPENING 180°;SCHARNIEREN MIT 180° OFFNUNGSWINKEL;92.09;0.8;Missing
PHLS0011;1STQ002282B0000;KEY LOCKABLE HANDLE LEVER;ABSCHLIEßBAREN GRIFF MIT HEBEL SCHLÜSSEL;33.45;0.2;Missing
PHLS0012;1STQ002283B0000;SEMI-CILINDER LOCKABLE HANDLE LEVER;HALB CILINDER ABSCHLIEßBAREN GRIFF HEBEL;34.32;0.2;Missing
PHLS0013;1STQ002334B0000;KEY HANDLE LEVER;GRIFF MIT HEBEL UND SCHLÜSSEL;28.58;0.5;Missing
PIDH0010;1STQ008118A0000;DOUBLE BIT INSERT;DOPPELTBART-EINSATZ VERSCHLUSSE;18.5;0.3;Missing
PIEH0008;1STQ008121A0000;SOCKET HEAD INSERT 8MM FOR ST.LS.HANDLE;EINSATZ INNENSECHSKANT 8MM ST.GRIFF;21.49;0.2;Missing
PIFH0020;1STQ008122A0000;FIST (FIAT) TYPE INSERT;FIST (FIAT) TYP EINSATZ;21.49;0.2;Missing
PIRH0405;1STQ008123A0000;RONIS INSERT 405 AND KEY STAND.LS.HANDLE;RONIS EINSATZ 405+SCHLUSS.STAND.LS.GRIFF;9.5;0.2;Missing
PIRH0455;1STQ008124A0000;RONIS INSERT 455 AND KEY STAND.LS.HANDLE;RONIS EINSATZ 455+SCHLUSS.STAND.LS.GRIFF;10.39;0.2;Missing
PIRH1242;1STQ008125A0000;RONIS INSERT 1242 +KEY STAND.LS.HANDLE;RONIS EINSATZ 1242 SCHLUS.STAND.LS.GRIFF;10.75;0.2;Missing
PIRH2432;1STQ002030B0000;RONIS INSERT 2432E + KEY STAND.LS.HANDLE;RONIS EINS. 2432E+SCHLÜSS.STAND.LS.GRIFF;19.78;0.2;Missing
PISH0007;1STQ008120A0000;SQUARE-SHAPED MALE INSERT 7 MM HANDLE;VIERKANT STIFTEINSATZ 7MM STAND.LS.GRIFF;81.74;0.2;Missing
PITH0064;1STQ008119A0000;TRIANGLE-SHAPED MALE INSERT 6,4MM HANDLE;DREIECKIGE STIFTEINSATZ 6,4MMST.LS.GRIFF;21.49;0.2;Missing
PLINTH;1STQ001001M0000;CORNER PLINTHS WITH FLANGES 250X200;SOCKELECKEN MIT FLANSCHEN 250X200;74.22;5.8;Missing
PLINTH;1STQ001002M0000;CORNER PLINTHS WITH FLANGES 250X300;SOCKELECKEN MIT FLANSCHEN 250X300;77.34;6.1;Missing
PLINTH;1STQ001003M0000;CORNER PLINTHS WITH FLANGES 250X500;SOCKELECKEN MIT FLANSCHEN 250X500;78.91;6.8;Missing
PLINTH;1STQ001004M0000;CORNER PLINTHS WITH FLANGES 250X700;SOCKELECKEN MIT FLANSCHEN 250X700;87.5;7.5;Missing
PLINTH;1STQ001005M0000;CORNER PLINTHS WITH FLANGES 500X200;SOCKELECKEN MIT FLANSCHEN 500X200;77.34;6.7;Missing
PLINTH;1STQ001006M0000;CORNER PLINTHS WITH FLANGES 500X300;SOCKELECKEN MIT FLANSCHEN 500X300;80.47;7;Missing
PLINTH;1STQ001007M0000;CORNER PLINTHS WITH FLANGES 500X500;SOCKELECKEN MIT FLANSCHEN 500X500;82.03;7.7;Missing
PLINTH;1STQ001008M0000;CORNER PLINTHS WITH FLANGES 500X700;SOCKELECKEN MIT FLANSCHEN 500X700;87.51;8.4;Missing
PLINTH;1STQ001009M0000;CORNER PLINTHS WITH FLANGES 750X200;SOCKELECKEN MIT FLANSCHEN 750X200;83.59;7.5;Missing
PLINTH;1STQ001010M0000;CORNER PLINTHS WITH FLANGES 750X300;SOCKELECKEN MIT FLANSCHEN 750X300;86.72;7.8;Missing
PLINTH;1STQ001011M0000;CORNER PLINTHS WITH FLANGES 750X500;SOCKELECKEN MIT FLANSCHEN 750X500;88.28;8.5;Missing
PLINTH;1STQ001012M0000;CORNER PLINTHS WITH FLANGES 750X700;SOCKELECKEN MIT FLANSCHEN 750X700;93.75;9.2;Missing
PLINTH;1STQ001013M0000;CORNER PLINTHS WITH FLANGES 1000X200;SOCKELECKEN MIT FLANSCHEN 1000X200;88.28;8.4;Missing
PLINTH;1STQ001014M0000;CORNER PLINTHS WITH FLANGES 1000X300;SOCKELECKEN MIT FLANSCHEN 1000X300;91.41;8.7;Missing
PLINTH;1STQ001015M0000;CORNER PLINTHS WITH FLANGES 1000X500;SOCKELECKEN MIT FLANSCHEN 1000X500;92.97;9.4;Missing
PLINTH;1STQ001016M0000;CORNER PLINTHS WITH FLANGES 1000X700;SOCKELECKEN MIT FLANSCHEN 1000X700;98.44;10.1;Missing
PLINTH;1STQ001017M0000;CORNER PLINTHS WITH FLANGES 1250X200;SOCKELECKEN MIT FLANSCHEN 1250X200;108.59;10.1;Missing
PLINTH;1STQ001018M0000;CORNER PLINTHS WITH FLANGES 1250X300;SOCKELECKEN MIT FLANSCHEN 1250X300;111.72;10.4;Missing
PLINTH;1STQ001019M0000;CORNER PLINTHS WITH FLANGES 1250X500;SOCKELECKEN MIT FLANSCHEN 1250X500;113.28;11.1;Missing
PLINTH;1STQ001020M0000;CORNER PLINTHS WITH FLANGES 1250X700;SOCKELECKEN MIT FLANSCHEN 1250X700;118.75;11.8;Missing
PPAM0100;1STQ007048A0000;4 GALV. SHEET CORNERS PLINTH  H=100MM;4 VERZINKTE SOCKELECKEN H=100MM;47.66;3.7;Missing
PPAM0200;1STQ007207A0000;8 GALV. SHEET CORNERS PLINTH  H=200MM;8 VERZINKTE SOCKELECKEN H=200MM;97.36;7.4;Missing
PPEB1816;1STQ007585A0000;IP65 EXTERNAL PANEL H=1800MM W=1000MM;IP65 AUSSER.ABDECKPLAT.H=1800MM B=1000MM;105;30.0;Missing
PPEB1825;1STQ007576A0000;IP65 EXTERNAL PANEL H=1800MM W=250MM;IP65 AUSSER.ABDECKPLAT.H=1800MM B=250MM;57.28;9.5;Missing
PPEB1826;1STQ007575A0000;IP65 EXTERNAL POWER H=1800MM D=200MM;IP65 AUSSER.ABDECKPLAT.H=1800MM T=200MM;50.31;8.5;Missing
PPEB1836;1STQ007577A0000;IP65 EXTERNAL PANEL H=1800MM W/D=300MM;IP65 AUSSER.ABDECKPL.H=1800MM B/T=300MM;62.31;11.0;Missing
PPEB1856;1STQ007579A0000;IP65 EXTERNAL PANEL H=1800MM W/D=500MM;IP65 AUSSER.ABDECKPL.H=1800MM B/T=500MM;68.57;16.0;Missing
PPEB1875;1STQ007582A0000;IP65 EXTERNAL PANEL H=1800MM W=750MM;IP65 AUSSER.ABDECKPLAT.H=1800MM B=750MM;85.42;22.5;Missing
PPEB1876;1STQ007581A0000;IP65 EXTERNAL PANEL H=1800MM D=700MM;IP65 AUSSER.ABDECKPLAT.H=1800MM T=700MM;81.32;21.5;Missing
PPEB2116;1STQ002284B0000;IP65 EXTERNAL PANEL H=2100MM W=1000MM;IP65 AUSSEN PLATTE H=2100MM B1000MM;115;33.0;Missing
PPEB2125;1STQ007599A0000;IP65 EXTERNAL PANEL H=2100MM W=250MM;IP65 AUSSER.ABDECKPLAT.H=2100MM B=250MM;69.22;11.0;Missing
PPEB2126;1STQ002285B0000;IP65 EXTERNAL PANEL H=2100MM D=200MM;IP65 EXTERN PLATTE H=2100MM T200MM;63.71;10.0;Missing
PPEB2136;1STQ002286B0000;IP65 EXTERNAL PANEL H=2100MM W/D=300MM;IP65 AUSSEN PLATTE H=2100MM W/T300MM;73.26;12.0;Missing
PPEB2156;1STQ002287B0000;IP65 EXTERNAL PANEL H=2100MM W/D=500MM;IP65 AUSSEN PLATTE H=2100MM W/T500MM;75.7;19.0;Missing
PPEB2175;1STQ007603A0000;IP65 EXTERNAL PANEL H=2100MM W=750MM;IP65 AUSSER.ABDECKPLAT.H=2100MM B=750MM;91.86;26.0;Missing
PPEB2176;1STQ002288B0000;IP65 EXTERNAL PANEL H=2100MM D=700MM;IP65 AUSSEN PLATTE H=2100MM T700MM;88.44;24.5;Missing
PPFH0250;1STQ009378A0000;N.2 HORIZONTAL PROFILES IP31 W=250MM;N.2 HOR./QUERPROFILE IP31 B=250MM;34;1.2;Missing
PPFH0500;1STQ009416A0000;N.2 HORIZONTAL PROFILES IP31 W=500MM;N.2 HOR./QUERPROFILE IP31 B=500MM;38;1.7;Missing
PPFH0750;1STQ009398A0000;N.2 HORIZONTAL PROFILES IP31 W=750MM;N.2 HOR./QUERPROFILE IP31 B=750MM;44;2.2;Missing
PPFH1000;1STQ008057A0000;2 IP31 HORIZONTAL PROFILE W=1000MM;2 IP31 HORIZ. PROFILEN B=1000MM;50;2.8;Missing
PPFH1250;1STQ008058A0000;2 IP31 HORIZONTAL PROFILE W=1250MM;2 IP31 HORIZ. PROFILEN B=1250MM;57;3.3;Missing
PPFM1010;1STQ007056A0000;2 F/R PLINTH FLANGES H=100MM W=1000MM;2 SOCKELLEISTEN H=100MM B=1000MM;28.13;3.7;Missing
PPFM1020;1STQ007058A0000;2 SIDE PLINTH FLANGES H=100MM D=200MM;2 SEITLICHE SOCKELLEISTEN H100MM T=200MM;12.5;1.0;Missing
PPFM1025;1STQ007049A0000;2 F/R PLINTH FLANGES H=100MM W=250MM;2 SOCKELLEISTEN H=100MM B=250MM;14.07;1.1;Missing
PPFM1030;1STQ007050A0000;2 F/R/S PLINTH FLANGES H=100MM W/D=300MM;2 SOCKELLEISTEN H=100MM B/T=300MM;15.63;1.3;Missing
PPFM1050;1STQ007052A0000;2 F/R/S PLINTH FLANGES H=100MM W/D=500MM;2 SOCKELLEISTEN H=100MM B/T=500MM;17.19;2.0;Missing
PPFM1070;1STQ007059A0000;2 SIDE PLINTH FLANGES H=100MM D=700MM;2 SEITLICHE SOCKELLEISTEN H100MM T=700MM;22.66;2.7;Missing
PPFM1075;1STQ007054A0000;2 F/R PLINTH FLANGES H=100MM W=750MM;2 SOCKELLEISTEN H=100MM B=750MM;23.44;2.8;Missing
PPFM1250;1STQ007057A0000;4 F/R PLINTH FLANGES H=100MM W=1250MM;4 SOCKELLEISTEN H=100MM B=1250MM;29.69;2.3;Missing
PPFV1800;1STQ008059A0000;2 IP31 VERTICAL PROFILE H=1800MM;2 IP31VERT. PROFILEN H=1800MM;100;4.5;Missing
PPFV2100;1STQ002289B0000;N.2 IP31 VERTICAL PROFILE H=2100MM;N.2 IP31 HÖHENPROFIL H=2100MM;108;5.4;Missing
PPIM0100;1STQ007208A0000;2 GALV.SHEET INTERM. PLINTHS  H=100MM;2 VERZINKTE VERBINDUNGGSSOCKEL H=100MM;18.75;3.1;Missing
PPLB1826;1STQ002290B0000;IP65 EXT. PANEL LEFT H=1800 W=625MM;IP65 EXT.PLATTE LINKS H=1800 B625MM;72;20.0;Missing
PPLB2126;1STQ002291B0000;IP65 EXT. PANEL LEFT H=2100 W=625MM;IP65 EXT.PLATTE LINKS H=2100 B625MM;92;23.0;Missing
PPRB1826;1STQ002292B0000;IP65 EXT. PANEL RIGHT H=1800 W=625MM;IP65 EXT.PLATTE RECHTS H=1800 B625MM;72;22.5;Missing
PPRB2126;1STQ002293B0000;IP65 EXT. PANEL RIGHT H=2100 W=625MM;IP65 EXT.PLATTE RECHTS H=2100 B625MM;92;26.0;Missing
PSAF0016;1STQ008110A0000;N.16 AXIAL SCREWS 3-WAY JOINING SYSTEM;N.16 AXIAL SCHRAUB.VERBINDUNGSSYSTEM 3W.;12.9;0.7;Missing
PSBS0065;1STQ008113A0000;CONNECTION KIT SIDE BY SIDE/REAR IP65;SCHALTSCHR.ANSCHLUSSATZ SEIT./RUCK.IP65;97.24;0.4;Missing
PSCP0024;1STQ009182A0000;N.24 SCREWS FOR SIDE/LATERAL PANELS;N.24 SCHRAUBEN FUR SEIDLICH./RUCK. PANEL;29.8;0.3;Missing
PSCS0579;1STQ009185A0000;CONNECTION KIT FOR CORNER STRUCTURES;KIT FUR ECK.SCHALTSCHR. ANSCHLUSSATZ;162.34;0.5;Missing
PSES0008;1STQ001589B0000;EXTERNAL CONNECTION KIT;SCHALTSCHR. ANSCHLUSSATZ AUS.;101;1.5;Missing
PTBB1026;1STQ009178A0000;IP65 BLIND TOP/BOTTOM W=1000MM D=200MM;IP65 DECKBL/BODENBLECH B=1000MM T=200MM;56.01;4.7;Missing
PTBB1036;1STQ007099A0000;IP65 BLIND TOP/BOTTOM W=1000MM D=300MM;IP65 DECKBL/BODENBLECH B=1000MM T=300MM;63.45;6.1;Missing
PTBB1056;1STQ007100A0000;IP65 BLIND TOP/BOTTOM W=1000MM D=500MM;IP65 DECKBL/BODENBLECH B=1000MM T=500MM;66.82;9.2;Missing
PTBB1076;1STQ007101A0000;IP65 BLIND TOP/BOTTOM W=1000MM D=700MM;IP65 DECKBL/BODENBLECH B=1000MM T=700MM;76.2;11.9;Missing
PTBB1220;1STQ009153A0000;IP40 BLIND TOP/BOTTOM W=1250MM D=200MM;IP40 DECKBL/BODENBLECH B=1250MM T=200MM;60.47;5.5;Missing
PTBB1236;1STQ007103A0000;IP65 BLIND TOP/BOTTOM W=1250MM D=300MM;IP65 BLIND DACH/BODEN B1250 MM T300MM;69.52;7.0;Missing
PTBB1256;1STQ007104A0000;IP65 BLIND TOP/BOTTOM W=1250MM D=500MM;IP65 BLIND DACH/BODEN B1250 MM T500MM;73.84;10.0;Missing
PTBB1276;1STQ007105A0000;IP65 BLIND TOP/BOTTOM W=1250MM D=700MM;IP65 BLIND DACH/BODEN B1250 MM T700MM;82.34;13.0;Missing
PTBB2526;1STQ001270B0000;IP65 BLIND TOP/BOTTOM W=250MM D=200MM;IP65 DECKBL./BODENBLECH B=250MM T=200MM;27.68;1.5;Missing
PTBB2536;1STQ007071A0000;IP65 BLIND TOP/BOTTOM W=250MM D=300MM;IP65 DECKBL./BODENBLECH B=250MM T=300MM;29.8;2.0;Missing
PTBB2556;1STQ007072A0000;IP65 BLIND TOP/BOTTOM W=250MM D=500MM;IP65 DECKBL./BODENBLECH B=250MM T=500MM;32.78;3.1;Missing
PTBB2576;1STQ007073A0000;IP65 BLIND TOP/BOTTOM W=250MM D=700MM;IP65 DECKBL./BODENBLECH B=250MM T=700MM;36.45;4.1;Missing
PTBB3056;1STQ007076A0000;IP65 BL.TOP/BOTTOM W/D=300MM D/W=500MM;IP65 DECKBL/BODENBL. B/T=300MM T/B=500MM;33.45;3.5;Missing
PTBB5026;1STQ001284B0000;IP65 BLIND TOP/BOTTOM W=500MM D=200MM;IP65 DECKBL./BODENBLECH B=500MM T=200MM;29.8;2.6;Missing
PTBB5056;1STQ007084A0000;IP65 BLIND TOP/BOTTOM W=500MM D=500MM;IP65 DECKBL./BODENBLECH B=500MM T=500MM;36.48;5.0;Missing
PTBB5076;1STQ007085A0000;IP65 BLIND TOP/BOTTOM W=500MM D=700MM;IP65 DECKBL./BODENBLECH B=500MM T=700MM;46.6;6.7;Missing
PTBB7526;1STQ001303B0000;IP65 BLIND TOP/BOTTOM W=750MM D=200MM;IP65 DECKBL./BODENBLECH B=750MM T=200MM;36.76;3.6;Missing
PTBB7536;1STQ007091A0000;IP65 BLIND TOP/BOTTOM W=750MM D=300MM;IP65 DECKBL./BODENBLECH B=750MM T=300MM;39.52;5.0;Missing
PTBB7556;1STQ007092A0000;IP65 BLIND TOP/BOTTOM W=750MM D=500MM;IP65 DECKBL./BODENBLECH B=750MM T=500MM;46.6;7.2;Missing
PTBB7576;1STQ007093A0000;IP65 BLIND TOP/BOTTOM W=750MM D=700MM;IP65 DECKBL./BODENBLECH B=750MM T=700MM;51.97;9.5;Missing
PTBT1026;1STQ002297B0000;IP65 TWINLINE TOP W1000 D200;IP65 TWINLINE DACH B1000 D200;56.64;3.3;Missing
PTBT1028;1STQ002396B0000;IP65 TWINLINE TOP W1000 D200;IP65 TWINLINE DACH B1000 P200;56.64;3.3;Missing
PTBT1036;1STQ002298B0000;IP65 TWINLINE TOP W1000 D300;IP65 TWINLINE DACH B1000 D300;64.08;4.6;Missing
PTBT1038;1STQ002397B0000;IP65 TWINLINE TOP W1000 D300;IP65 TWINLINE DACH B1000 D300;64.08;4.6;Missing
PTBT1056;1STQ002299B0000;IP65 TWINLINE TOP W1000 D500;IP65 TWINLINE DACH B1000 T500;67.45;7.2;Missing
PTBT1057;1STQ002300B0000;IP65 2ROWS TWINLINE TOP W1000 D500;IP65 ZWEI REI.TWIN.DACH B1000 T500;77.57;6.6;Missing
PTBT1058;1STQ002398B0000;IP65 TWINLINE TOP W1000 D500;IP65 TWINLINE DACH B1000 P500;67.45;7.2;Missing
PTBT1059;1STQ002399B0000;IP65 2ROWS TWINLINE TOP W1000 D500;IP65 2REI. TWINLINE DACH B1000 P500;77.57;6.6;Missing
PTBT1076;1STQ002301B0000;IP65 TWINLINE TOP W1000 D700;IP65 TWINLINE DACH B1000 T700;76.83;9.8;Missing
PTBT1077;1STQ002302B0000;IP65 2ROWS TWINLINE TOP W1000 D700;IP65 ZWEI REI.TWIN.DACH B1000 T700;88.35;9.2;Missing
PTBT1078;1STQ002400B0000;IP65 TWINLINE TOP W1000 D700;IP65 TWINLINE DACH B1000 P700;76.83;9.8;Missing
PTBT1079;1STQ002401B0000;IP65 2ROWS TWINLINE TOP W1000 D700;IP65 2REI. TWINLINE DACH B1000 P700;88.35;9.2;Missing
PTBT1226;1STQ002303B0000;IP65 TWINLINE TOP W1250 D200;IP65 TWINLINE DACH B1250 D200;61.1;4.0;Missing
PTBT1228;1STQ002402B0000;IP65 TWINLINE TOP W1250 D200;IP65 TWINLINE DACH B1250 P200;61.1;4.0;Missing
PTBT1236;1STQ002304B0000;IP65 TWINLINE TOP W1250 D300;IP65 TWINLINE DACH B1250 D300;70.15;5.6;Missing
PTBT1238;1STQ002403B0000;IP65 TWINLINE TOP W1250 D300;IP65 TWINLINE DACH B1250 T300;70.15;5.6;Missing
PTBT1256;1STQ002305B0000;IP65 TWINLINE TOP W1250 D500;IP65 TWINLINE DACH B1250 T500;74.47;8.8;Missing
PTBT1257;1STQ002306B0000;IP65 2ROWS TWINLINE TOP W1250 D500;IP65 ZWEI REI.TWIN.DACH B1250 T500;85.64;8.1;Missing
PTBT1258;1STQ002404B0000;IP65 TWINLINE TOP W1250 D500;IP65 TWINLINE DACH B1250 P500;74.47;8.8;Missing
PTBT1259;1STQ002405B0000;IP65 2ROWS TWINLINE TOP W1250 D500;IP65 2REI. TWINLINE DACH B1250 P500;85.64;8.1;Missing
PTBT1276;1STQ002307B0000;IP65 TWINLINE TOP W1250 D700;IP65 TWINLINE DACH B1250 T700;82.97;12.0;Missing
PTBT1277;1STQ002308B0000;IP65 2ROWS TWINLINE TOP W1250 D700;IP65 ZWEI REI.TWIN.DACH B1250 T700;95.42;11.3;Missing
PTBT1278;1STQ002406B0000;IP65 TWINLINE TOP W1250 D700;IP65 TWINLINE DACH B1250 P700;82.97;12.0;Missing
PTBT1279;1STQ002407B0000;IP65 2ROWS TWINLINE TOP W1250 D700;IP65 2REI. TWINLINE DACH B1250 P700;95.42;11.3;Missing
PTBT2526;1STQ002309B0000;IP65 TWINLINE TOP W250 D200;IP65 TWINLINE DACH B250 D200;28.31;1.1;Missing
PTBT2528;1STQ002408B0000;IP65 TWINLINE TOP W250 D200;IP65 TWINLINE DACH B250 P200;28.31;1.1;Missing
PTBT2536;1STQ002310B0000;IP65 TWINLINE TOP W250 D300;IP65 TWINLINE DACH B250 D300;30.43;1.5;Missing
PTBT2538;1STQ002409B0000;IP65 TWINLINE TOP W250 D300;IP65 TWINLINE DACH B250 D300;30.43;1.5;Missing
PTBT2556;1STQ002311B0000;IP65 TWINLINE TOP W250 D500;IP65 TWINLINE DACH B250 T500;33.41;2.3;Missing
PTBT2557;1STQ002312B0000;IP65 2ROWS TWINLINE TOP W250 D500;IP65 ZWEI REI.TWIN.DACH B250 T500;38.42;2.2;Missing
PTBT2558;1STQ002410B0000;IP65 TWINLINE TOP W250 D500;IP65 TWINLINE DACH B250 P500;33.41;2.3;Missing
PTBT2559;1STQ002411B0000;IP65 2ROWS TWINLINE TOP W250 D500;IP65 2REI. TWINLINE DACH B250 P500;38.42;2.2;Missing
PTBT2576;1STQ002313B0000;IP65 TWINLINE TOP W250 D700;IP65 TWINLINE DACH B250 T700;36.45;3.1;Missing
PTBT2577;1STQ002314B0000;IP65 2ROWS TWINLINE TOP W250 D700;IP65 ZWEI REI.TWIN.DACH B250 T700;41.92;3.0;Missing
PTBT2578;1STQ002412B0000;IP65 TWINLINE TOP W250 D700;IP65 TWINLINE DACH B250 P700;36.45;3.1;Missing
PTBT2579;1STQ002413B0000;IP65 2ROWS TWINLINE TOP W250 D700;IP65 2REI. TWINLINE DACH B250 P700;41.92;3.0;Missing
PTBT3056;1STQ002315B0000;IP65 TWINLINE TOP W/D300 D/W500;IP65 TWINLINE DACH W/D300 D/B500;34.08;2.5;Missing
PTBT3058;1STQ002414B0000;IP65 TWINLINE TOP W/D300 D/L500;IP65 TWINLINE DACH B/T300 T/L500;34.08;2.5;Missing
PTBT5026;1STQ002316B0000;IP65 TWINLINE TOP W500 D200;IP65 TWINLINE DACH B500 D200;30.43;1.8;Missing
PTBT5029;1STQ002415B0000;IP65 TWINLINE TOP W500 D200;IP65 TWINLINE DACH B500 P200;30.43;1.8;Missing
PTBT5050;1STQ002317B0000;IP65 TWINLINE TOP W500 D500;IP65 TWINLINE DACH B500 T500;37.11;3.9;Missing
PTBT5051;1STQ002318B0000;IP65 TRILINE  TOP W500 D500;IP65 TRILINE DACH B500 T500;50.79;3.9;Missing
PTBT5057;1STQ002319B0000;IP65 2ROWS TWINLINE TOP W500 D500;IP65 ZWEI REI.TWIN.DACH B500 T500;42.68;3.6;Missing
PTBT5058;1STQ002416B0000;IP65 TWINLINE TOP W500 D500;IP65 TWINLINE DACH B500 P500;37.11;3.9;Missing
PTBT5059;1STQ002417B0000;IP65 2ROWS TWINLINE TOP W500 D500;IP65 2REI. TWINLINE DACH B500 P500;42.68;3.6;Missing
PTBT5076;1STQ002320B0000;IP65 TWINLINE TOP W500 D700;IP65 TWINLINE DACH B500 T700;47.23;5.3;Missing
PTBT5077;1STQ002321B0000;IP65 2ROWS TWINLINE TOP W500 D700;IP65 ZWEI REI.TWIN.DACH B500 T700;54.31;5.0;Missing
PTBT5078;1STQ002418B0000;IP65 TWINLINE TOP W500 D700;IP65 TWINLINE DACH B500 P700;47.23;5.3;Missing
PTBT5079;1STQ002419B0000;IP65 2ROWS TWINLINE TOP W500 D700;IP65 2REI. TWINLINE DACH B500 T700;54.31;5.0;Missing
PTBT7526;1STQ002322B0000;IP65 TWINLINE TOP W750 D200;IP65 TWINLINE DACH B750 D200;37.39;2.6;Missing
PTBT7528;1STQ002420B0000;IP65 TWINLINE TOP W750 D200;IP65 TWINLINE DACH B750 P200;37.39;2.6;Missing
PTBT7536;1STQ002323B0000;IP65 TWINLINE TOP W750 D300;IP65 TWINLINE DACH B750 D300;40.15;3.6;Missing
PTBT7538;1STQ002421B0000;IP65 TWINLINE TOP W750 D300;IP65 TWINLINE DACH B750 T300;40.15;3.6;Missing
PTBT7556;1STQ002324B0000;IP65 TWINLINE TOP W750 D500;IP65 TWINLINE DACH B750 T500;47.23;6.0;Missing
PTBT7557;1STQ002325B0000;IP65 2ROWS TWINLINE TOP W750 D500;IP65 ZWEI REI.TWINL.DACH B750 T500;54.31;5.0;Missing
PTBT7558;1STQ002422B0000;IP65 TWINLINE TOP W750 D500;IP65 TWINLINE DACH B750 P500;47.23;6.0;Missing
PTBT7559;1STQ002423B0000;IP65 2ROWS TWINLINE TOP W750 D500;IP65 2REI. TWINLINE DACH B750 P500;54.31;5.0;Missing
PTBT7576;1STQ002326B0000;IP65 TWINLINE TOP W750 D700;IP65 TWINLINE DACH B750 T700;52.6;8.0;Missing
PTBT7577;1STQ002327B0000;IP65 2ROWS TWINLINE TOP W750 D700;IP65 ZWEI REI.TWINL.DACH B750 T700;60.49;7.0;Missing
PTBT7578;1STQ002424B0000;IP65 TWINLINE TOP W750 D700;IP65 TWINLINE DACH B750 P700;52.6;8.0;Missing
PTBT7579;1STQ002425B0000;IP65 2ROWS TWINLINE TOP W750 D700;IP65 2REI. TWINLINE DACH B750 P700;60.49;7.0;Missing
PUPM1800;1STQ007033A0000;4 GALVANIZED SHEET UPRIGHTS H=1800MM;4 VERZINKTE STANDER H=1800 MM;232.59;15.4;Missing
PUPM2100;1STQ007035A0000;4 GALVANIZED SHEET UPRIGHTS H=2100MM;4 VERZINKTE STANDER H=2100 MM;278;18.2;Missing
PVHE1301;1STQ002328B0000;KIT T7 E1.2 3P FIXED VERT.W=500 1250A ED;KIT T7 E1.2 3P FIX.V.B500 1250A EN.DIST.;53;7;Missing
PVHE1302;1STQ002329B0000;KIT T7 E1.2 3P FIXED VERT.W=500 1600A ED;KIT T7 E1.2 3P FIX.V.B500 1600A EN.DIST.;55;7;Missing
PVHE2301;1STQ002330B0000;KIT E2.2 3P FIXED VERT. W=500MM ED;KIT E2.2 3P FIX.VER.B500MM ENERGY DISTR.;150;10;Missing
TS4011;1STQ008211A0000;N.2 PROFILES EN50024 C30 H=2000MM;2 PROFILEN EN5002 C30 B=2000;56.7;2.0;Missing
TS4012;1STQ008212A0000;N.2 PROFILES EN50035 G32 H=2000MM;2 PROFILEN EN G32 B=2000;45.45;2.0;Missing
TS4013;1STQ008213A0000;N.2 PROFILES DIN EN50022 H=2000MM;2 PROFILEN EN5022 35X7,5 B=2000;37.59;2.0;Missing
ZN1041;1STQ006833A0000;N.4 GROUND FIXING PLINT BRACKET;N.4 AM GRUND FIXIERENDE BUGEL SOCKEL;51;1.5;Missing
PPIM0200;1STQ007209A0000;4 GALV.SHEET INTERM. PLINTHS  H=200MM;4 VERZINKTE VERBINDUNGGSSOCKEL  H=200MM;38.44;6.2;Missing
PTBO2520;1STQ001272B0000;IP65 OPEN TOP/BOTTOM W=250MM D=200MM;IP65 DECK/BOD.OHNE FLAN.B=250MM T=200MM;29.06;1.4;Missing
PTBO2530;1STQ007132A0000;IP65 OPEN TOP/BOTTOM W=250MM D=300MM;IP65 DECK/BOD.OHNE FLAN. B=250MM T=300MM;31.29;1.8;Missing
PTBO2550;1STQ007133A0000;IP65 OPEN TOP/BOTTOM W=250MM D=500MM;IP65 DECK/BOD.OHNE FLAN.B=250MM T=500MM;34.42;2.6;Missing
PTBO2570;1STQ007134A0000;IP65 OPEN TOP/BOTTOM W=250MM D=700MM;IP65 DECK/BOD.OHNE FLAN.B=250MM T=700MM;38.27;3.3;Missing
PTBO5020;1STQ001287B0000;IP65 OPEN TOP/BOTTOM W=500MM D=200MM;IP65 DECK/BOD.OHNE FLAN.B=500MM T=200MM;31.29;2.4;Missing
PTBO3050;1STQ007137A0000;IP65 OPEN TOP/BOTTTOM W/D300MM D/W=500MM;IP65 DECK/BOD.OHNE FL.B/T300MM T/B=500MM;35.12;2.8;Missing
PTBO5050;1STQ007145A0000;IP65 OPEN TOP/BOTTOM W=500MM D=500MM;IP65 DECK/BOD.OHNE FLAN.B=500MM T=500MM;38.3;3.6;Missing
PTBO5070;1STQ007146A0000;IP65 OPEN TOP/BOTTOM W=500MM D=700MM;IP65 DECK/BOD.OHNE FLAN.B=500MM T=700MM;48.93;4.3;Missing
PTBO7520;1STQ001305B0000;IP65 OPEN TOP/BOTTOM W=750MM D=200MM;IP65 DECK/BOD.OHNE FLAN.B=750MM T=200MM;38.6;3.2;Missing
PTBO7530;1STQ007152A0000;IP65 OPEN TOP/BOTTOM W=750MM D=300MM;IP65 DECK/BOD.OHNE FLAN.B=750MM T=300MM;41.5;3.6;Missing
PTBO7550;1STQ007153A0000;IP65 OPEN TOP/BOTTOM W=750MM D=500MM;IP65 DECK/BOD.OHNE FLAN.B=750MM T=500MM;48.93;4.5;Missing
PTBO7570;1STQ007154A0000;IP65 OPEN TOP/BOTTOM W=750MM D=700MM;IP65 DECK/BOD.OHNE FLAN.B=750MM T=700MM;54.57;5.3;Missing
PTBO1030;1STQ007160A0000;IP65 OPEN TOP/BOTTOM W=1000MM D=300MM;IP65 DECK/BOD.OHNE FL.B=1000MM T=300MM;66.62;4.0;Missing
PTBO1050;1STQ007161A0000;IP65 OPEN TOP/BOTTOM W=1000MM D=500MM;IP65 DECK/BOD.OHNE FL.B=1000MM T=500MM;70.16;5.0;Missing
PTBO1070;1STQ007162A0000;IP65 OPEN TOP/BOTTOM W=1000MM D=700MM;IP65 DECK/BOD.OHNE FL.B=1000MM T=700MM;80.01;5.8;Missing
PTBO1230;1STQ007164A0000;IP65 OPEN TOP/BOTTOM W=1250MM D=300MM;IP65 DECK/BOD.OHNE FLAN.B=1250MM T=300MM;73;6.0;Missing
PTBO1250;1STQ007165A0000;IP65 OPEN TOP/BOTTOM W=1250MM D=500MM;IP65 DECK/BOD.OHNE FLAN.B=1250MM T=500MM;77.53;7.2;Missing
PTBO1270;1STQ007166A0000;IP65 OPEN TOP/BOTTOM W=1250MM D=700MM;IP65 DECK/BOD.OHNE FLAN.B=1250MM T=700MM;86.46;8.6;Missing
PFCF2520;1STQ001274B0000;CABLE ENTRY FLANGE W=250MM D=200MM;FLANSCHPLATTE GESCHLOS.B=250MM T=200MM;18.13;0.5;Missing
PFCF2530;1STQ007655A0000;CABLE ENTRY FLANGE W=250MM D=300MM;FLANSCHPLATTE GESCHLOS. B=250MM T=300MM;19.09;0.8;Missing
PFCF2550;1STQ007656A0000;CABLE ENTRY FLANGE W=250MM D=500MM;FLANSCHPLATTE GESCHLOS. B=250MM T=500MM;22.57;1.4;Missing
PFCF2570;1STQ007657A0000;CABLE ENTRY FLANGE W=250MM D=700MM;FLANSCHPLATTE GESCHLOS. B=250MM T=700MM;24.39;2.0;Missing
PFCF5020;1STQ001290B0000;CABLE ENTRY FLANGE W=500MM D=200MM;FLANSCHPLATTE GESCHLOS.B=500MM T=200MM;20.18;1.0;Missing
PFCF3050;1STQ007660A0000;CABLE ENTRY FLANGE W/D=300 D=500MM;FLANSCHPLATTE GESCHLOS. B/T=300 T=500MM;22.33;1.5;Missing
PFCF5050;1STQ007668A0000;CABLE ENTRY FLANGE W=500MM D=500MM;FLANSCHPLATTE GESCHLOS. B=500MM T=500MM;28.12;3.2;Missing
PFCF5070;1STQ007669A0000;CABLE ENTRY FLANGE W=500MM D=700MM;FLANSCHPLATTE GESCHLOS. B=500MM T=700MM;32.67;4.8;Missing
PFCF7520;1STQ001307B0000;CABLE ENTRY FLANGE W=750MM D=200MM;FLANSCHPLATTE GESCHLOS.B=750MM T=200MM;23.87;1.6;Missing
PFCF7530;1STQ007675A0000;CABLE ENTRY FLANGE W=750MM D=300MM;FLANSCHPLATTE GESCHLOS. B=750MM T=300MM;27.19;2.2;Missing
PFCF7550;1STQ007676A0000;CABLE ENTRY FLANGE W=750MM D=500MM;FLANSCHPLATTE GESCHLOS. B=750MM T=500MM;29.58;3.8;Missing
PFCF7570;1STQ007677A0000;CABLE ENTRY FLANGE W=750MM D=700MM;FLANSCHPLATTE GESCHLOS. B=750MM T=700MM;39.92;5.5;Missing
PFCF1030;1STQ007683A0000;CABLE ENTRY FLANGE W=1000MM D=300MM;FLANSCHPLATTE GESCHLOS.B=1000MM T=300MM;43.94;3.8;Missing
PFCF1050;1STQ007684A0000;CABLE ENTRY FLANGE W=1000MM D=500MM;FLANSCHPLATTE GESCHLOS.B=1000MM T=500MM;40;6.9;Missing
PFCF1070;1STQ007685A0000;CABLE ENTRY FLANGE W=1000MM D=700MM;FLANSCHPLATTE GESCHLOS.B=1000MM T=700MM;53.24;9.4;Missing
PFCF6030;1STQ007671A0000;CABLE ENTRY FLANGE W=600MM D=300MM;FLANSCHPLATTE GESCHLOS. B=600MM T=300MM;25.05;2.0;Missing
PFCF6050;1STQ007672A0000;CABLE ENTRY FLANGE W=600MM D=500MM;FLANSCHPLATTE GESCHLOS. B=600MM T=500MM;30.69;3.5;Missing
PFCF6070;1STQ007673A0000;CABLE ENTRY FLANGE W=600MM D=700MM;FLANSCHPLATTE GESCHLOS. B=600MM T=700MM;35.67;5.5;Missing
PDLB1126COL;1STQ004361B0000;IP65 OVERL.BLIND DOOR H2100 W500 SPECIAL COLOUR VERSION;IP65 ÜBERLAPPEND BLIND TÜR H2100 B500 GEFÄRBTE VERSION;207;24.0;Missing
PDLB8126COL;1STQ004362B0000;IP65 OVERL.BLIND DOOR H1800 W500 SPECIAL COLOUR VERSION;IP65 ÜBERLAPPEND BLIND TÜR H1800 B500 GEFÄRBTE VERSION;189.75;22.0;Missing
PDLG1126COL;1STQ004363B0000;IP65 GL. OVERL.DOOR H=2100 W=500 SPECIAL COLOUR VERSION;IP65 GLAS TUR+UBERLAG. H=2100 B=500 GEFÄRBTE VERSION;310.5;24.0;Missing
PDLG8126COL;1STQ004364B0000;IP65 GL.DOOR  H=1800MM W=500MM SPECIAL COLOUR VERSION;IP65 GLAS TUR H=1800MM B=500MM GEFÄRBTE VERSION;284.625;20.0;Missing
PDNB1406COL;1STQ004365B0000;IP65 BL.DOOR X DOUB.D. H2100 W750 NO LE. SPECIAL COLOUR VERSION;IP65 BLINDTÜR DO.TÜR H2100 B750 NO HEBEL GEFÄRBTE VERSION;249.9295;31.0;Missing
PDNB1506COL;1STQ004366B0000;IP65 BL.DOOR X DOU.D. H2100 W500 NO LE. SPECIAL COLOUR VERSION;IP65 BLINDTÜR D.TÜR H2100 B500 NO HEBEL GEFÄRBTE VERSION;207;24.0;Missing
PDNB1816COL;1STQ004367B0000;IP65 BLIND DOOR H1800 W1000 NO LEVER SPECIAL COLOUR VERSION;IP65 BLINDTÜR H1800 B1000 NO HEBEL GEFÄRBTE VERSION;352.268;34.5;Missing
PDNB1826COL;1STQ004368B0000;IP65 BLIND DOOR H1800 W250 NO LEVER SPECIAL COLOUR VERSION;IP65 BLINDTÜR H1800 B250 NO HEBEL GEFÄRBTE VERSION;130.088;15.5;Missing
PDNB1856COL;1STQ004369B0000;IP65 BLIND DOOR H1800 W500 NO LEVER SPECIAL COLOUR VERSION;IP65 BLINDTÜR H1800 B500 NO HEBEL GEFÄRBTE VERSION;175.0415;22.0;Missing
PDNB1876COL;1STQ004370B0000;IP65 BLIND DOOR H1800 W750 NO LEVER SPECIAL COLOUR VERSION;IP65 BLINDTÜR H1800 B750 NO HEBEL GEFÄRBTE VERSION;223.8935;28.0;Missing
PDNB2116COL;1STQ004371B0000;IP65 BLIND DOOR H2100 W1000 NO LEVER SPECIAL COLOUR VERSION;IP65 BLINDTÜR H2100 B1000 NO HEBEL GEFÄRBTE VERSION;381.938;38.5;Missing
PDNB2126COL;1STQ004372B0000;IP65 BLIND DOOR H2100 W250 NO LEVER SPECIAL COLOUR VERSION;IP65 BLINDTÜR H2100 B250 NO HEBEL GEFÄRBTE VERSION;157.2165;17.0;Missing
PDNB2156COL;1STQ004373B0000;IP65 BLIND DOOR H2100 W500 NO LEVER SPECIAL COLOUR VERSION;IP65 BLINDTÜR H2100 B500 NO HEBEL GEFÄRBTE VERSION;193.2345;24.0;Missing
PDNB2176COL;1STQ004374B0000;IP65 BLIND DOOR H2100 W750 NO LEVER SPECIAL COLOUR VERSION;IP65 BLINDTÜR H2100 B750 NO HEBEL GEFÄRBTE VERSION;241.4425;31.0;Missing
PDNB8406COL;1STQ004375B0000;IP65 BL.DOOR X DOUB.D. H1800 W750 NO LE. SPECIAL COLOUR VERSION;IP65 BLINDTÜR DOP.TÜR H1800 B750 NO HEB. GEFÄRBTE VERSION;255.2655;28.0;Missing
PDNB8506COL;1STQ004376B0000;IP65 BL.DOOR X DOU.D. H1800 W500 NO LE. SPECIAL COLOUR VERSION;IP65 BLINDTÜR DO.TÜR H1800 B500 NO HEB. GEFÄRBTE VERSION;189.75;22.0;Missing
PDNG1406COL;1STQ004377B0000;IP65 GL.DOOR X DOUB.D. H2100 W750 NO LE. SPECIAL COLOUR VERSION;IP65 GLAS.TÜR DOP.TÜR H2100 B750 NO HEB. GEFÄRBTE VERSION;374.9;30.5;Missing
PDNG1506COL;1STQ004378B0000;IP65 GL.DOOR X DOU.D. H2100 W500 NO LE. SPECIAL COLOUR VERSION;IP65 GLAS.TÜR DO.TÜR H2100 B500 NO HEB. GEFÄRBTE VERSION;310.5;24.0;Missing
PDNG1816COL;1STQ004379B0000;IP65 GL.DOOR 48 DIN H1800 W1000 NO LEVER SPECIAL COLOUR VERSION;IP65 GLAS.TÜR 48 DIN H1800 B1000 NO HEB. GEFÄRBTE VERSION;496.6965;32.0;Missing
PDNG1856COL;1STQ004380B0000;IP65 GL.DOOR H1800 W500 NO LEVER SPECIAL COLOUR VERSION;IP65 VERGLASTE TÜR H1800 B500 NO HEBEL GEFÄRBTE VERSION;246.813;20.0;Missing
PDNG1876COL;1STQ004381B0000;IP65 GL.DOOR H1800 W750 NO LEVER SPECIAL COLOUR VERSION;IP65 VERGLASTE TÜR H1800 B750 NO HEBEL GEFÄRBTE VERSION;315.6865;26.5;Missing
PDNG2116COL;1STQ004382B0000;IP65 GL.DOOR 48 DIN H2100 W1000 NO LEVER SPECIAL COLOUR VERSION;IP65 SICHTTÜR 48 DIN H2100 B1000 NO HEB. GEFÄRBTE VERSION;538.5335;37.0;Missing
PDNG2156COL;1STQ004383B0000;IP65 GL.DOOR H2100 W500 NO LEVER SPECIAL COLOUR VERSION;IP65 VERGLASTE TÜR H2100 B500 NO HEBEL GEFÄRBTE VERSION;272.458;24.0;Missing
PDNG2176COL;1STQ004384B0000;IP65 GL.DOOR H2100 W750 NO LEVER SPECIAL COLOUR VERSION;IP65 VERGLASTE TÜR H2100 B750 NO HEBEL GEFÄRBTE VERSION;340.4345;30.5;Missing
PDNG8406COL;1STQ004385B0000;IP65 GL.DOOR X DOUB.D. H1800 W750 NO LE. SPECIAL COLOUR VERSION;IP65 GLAS.TÜR DOP.TÜR H1800 B750 NO HEB. GEFÄRBTE VERSION;381.8;26.5;Missing
PDNG8506COL;1STQ004386B0000;IP65 GL.DOOR X DOU.D. H1800 W500 NO LE. SPECIAL COLOUR VERSION;IP65 GLAS.TÜR DOP.TÜR H1800 B500 NO HE. GEFÄRBTE VERSION;284.625;20.0;Missing
PPEB1816COL;1STQ004387B0000;IP65 EXTERNAL PANEL H=1800MM W=1000MM SPECIAL COLOUR VERSION;IP65 AUSSER.ABDECKPLAT.H=1800MM B=1000MM GEFÄRBTE VERSION;120.75;30.0;Missing
PPEB1825COL;1STQ004388B0000;IP65 EXTERNAL PANEL H=1800MM W=250MM SPECIAL COLOUR VERSION;IP65 AUSSER.ABDECKPLAT.H=1800MM B=250MM GEFÄRBTE VERSION;65.872;9.5;Missing
PPEB1826COL;1STQ004389B0000;IP65 EXTERNAL POWER H=1800MM D=200MM SPECIAL COLOUR VERSION;IP65 AUSSER.ABDECKPLAT.H=1800MM T=200MM GEFÄRBTE VERSION;57.8565;8.5;Missing
PPEB1836COL;1STQ004390B0000;IP65 EXTERNAL PANEL H=1800MM W/D=300MM SPECIAL COLOUR VERSION;IP65 AUSSER.ABDECKPL.H=1800MM B/T=300MM GEFÄRBTE VERSION;71.6565;11.0;Missing
PPEB1856COL;1STQ004391B0000;IP65 EXTERNAL PANEL H=1800MM W/D=500MM SPECIAL COLOUR VERSION;IP65 AUSSER.ABDECKPL.H=1800MM B/T=500MM GEFÄRBTE VERSION;78.8555;16.0;Missing
PPEB1875COL;1STQ004392B0000;IP65 EXTERNAL PANEL H=1800MM W=750MM SPECIAL COLOUR VERSION;IP65 AUSSER.ABDECKPLAT.H=1800MM B=750MM GEFÄRBTE VERSION;98.233;22.5;Missing
PPEB2116COL;1STQ004393B0000;IP65 EXTERNAL PANEL H=2100MM W=1000MM SPECIAL COLOUR VERSION;IP65 AUSSEN PLATTE H=2100MM B1000MM GEFÄRBTE VERSION;132.25;33.0;Missing
PPEB2125COL;1STQ004394B0000;IP65 EXTERNAL PANEL H=2100MM W=250MM SPECIAL COLOUR VERSION;IP65 AUSSER.ABDECKPLAT.H=2100MM B=250MM GEFÄRBTE VERSION;79.603;11.0;Missing
PPEB2126COL;1STQ004395B0000;IP65 EXTERNAL PANEL H=2100MM D=200MM SPECIAL COLOUR VERSION;IP65 EXTERN PLATTE H=2100MM T200MM GEFÄRBTE VERSION;73.2665;10.0;Missing
PPEB2136COL;1STQ004396B0000;IP65 EXTERNAL PANEL H=2100MM W/D=300MM SPECIAL COLOUR VERSION;IP65 AUSSEN PLATTE H=2100MM W/T300MM GEFÄRBTE VERSION;84.249;12.0;Missing
PPEB2156COL;1STQ004397B0000;IP65 EXTERNAL PANEL H=2100MM W/D=500MM SPECIAL COLOUR VERSION;IP65 AUSSEN PLATTE H=2100MM W/T500MM GEFÄRBTE VERSION;87.055;19.0;Missing
PPEB2175COL;1STQ004398B0000;IP65 EXTERNAL PANEL H=2100MM W=750MM SPECIAL COLOUR VERSION;IP65 AUSSER.ABDECKPLAT.H=2100MM B=750MM GEFÄRBTE VERSION;105.639;26.0;Missing
PPEB2176COL;1STQ004399B0000;IP65 EXTERNAL PANEL H=2100MM D=700MM SPECIAL COLOUR VERSION;IP65 AUSSEN PLATTE H=2100MM T700MM GEFÄRBTE VERSION;101.706;24.5;Missing
PPFH0250COL;1STQ004400B0000;N.2 HORIZONTAL PROFILES IP31 W=250MM SPECIAL COLOUR VERSION;N.2 HOR./QUERPROFILE IP31 B=250MM GEFÄRBTE VERSION;39.1;1.2;Missing
PPFH0500COL;1STQ004401B0000;N.2 HORIZONTAL PROFILES IP31 W=500MM SPECIAL COLOUR VERSION;N.2 HOR./QUERPROFILE IP31 B=500MM GEFÄRBTE VERSION;43.7;1.7;Missing
PPFH0750COL;1STQ004402B0000;N.2 HORIZONTAL PROFILES IP31 W=750MM SPECIAL COLOUR VERSION;N.2 HOR./QUERPROFILE IP31 B=750MM GEFÄRBTE VERSION;50.6;2.2;Missing
PPFH1000COL;1STQ004403B0000;2 IP31 HORIZONTAL PROFILE W=1000MM SPECIAL COLOUR VERSION;2 IP31 HORIZ. PROFILEN B=1000MM GEFÄRBTE VERSION;57.5;2.8;Missing
PPFH1250COL;1STQ004404B0000;2 IP31 HORIZONTAL PROFILE W=1250MM SPECIAL COLOUR VERSION;2 IP31 HORIZ. PROFILEN B=1250MM GEFÄRBTE VERSION;65.55;3.3;Missing
PPFV1800COL;1STQ004405B0000;2 IP31 VERTICAL PROFILE H=1800MM SPECIAL COLOUR VERSION;2 IP31VERT. PROFILEN H=1800MM GEFÄRBTE VERSION;115;4.5;Missing
PPFV2100COL;1STQ004406B0000;N.2 IP31 VERTICAL PROFILE H=2100MM SPECIAL COLOUR VERSION;N.2 IP31 HÖHENPROFIL H=2100MM GEFÄRBTE VERSION;124.2;5.4;Missing
PPLB1826COL;1STQ004407B0000;IP65 EXT. PANEL LEFT H=1800 W=625MM SPECIAL COLOUR VERSION;IP65 EXT.PLATTE LINKS H=1800 B625MM GEFÄRBTE VERSION;82.8;20.0;Missing
PPLB2126COL;1STQ004408B0000;IP65 EXT. PANEL LEFT H=2100 W=625MM SPECIAL COLOUR VERSION;IP65 EXT.PLATTE LINKS H=2100 B625MM GEFÄRBTE VERSION;105.8;23.0;Missing
PPRB1826COL;1STQ004409B0000;IP65 EXT. PANEL RIGHT H=1800 W=625MM SPECIAL COLOUR VERSION;IP65 EXT.PLATTE RECHTS H=1800 B625MM GEFÄRBTE VERSION;82.8;22.5;Missing
PPRB2126COL;1STQ004410B0000;IP65 EXT. PANEL RIGHT H=2100 W=625MM SPECIAL COLOUR VERSION;IP65 EXT.PLATTE RECHTS H=2100 B625MM GEFÄRBTE VERSION;105.8;26.0;Missing
PTBB1026COL;1STQ004411B0000;IP65 BLIND TOP/BOTTOM W=1000MM D=200MM SPECIAL COLOUR VERSION;IP65 DECKBL/BODENBLECH B=1000MM T=200MM GEFÄRBTE VERSION;64.4115;4.7;Missing
PTBB1036COL;1STQ004412B0000;IP65 BLIND TOP/BOTTOM W=1000MM D=300MM SPECIAL COLOUR VERSION;IP65 DECKBL/BODENBLECH B=1000MM T=300MM GEFÄRBTE VERSION;72.9675;6.1;Missing
PTBB1056COL;1STQ004413B0000;IP65 BLIND TOP/BOTTOM W=1000MM D=500MM SPECIAL COLOUR VERSION;IP65 DECKBL/BODENBLECH B=1000MM T=500MM GEFÄRBTE VERSION;76.843;9.2;Missing
PTBB1076COL;1STQ004414B0000;IP65 BLIND TOP/BOTTOM W=1000MM D=700MM SPECIAL COLOUR VERSION;IP65 DECKBL/BODENBLECH B=1000MM T=700MM GEFÄRBTE VERSION;87.63;11.9;Missing
PTBB1220COL;1STQ004415B0000;IP40 BLIND TOP/BOTTOM W=1250MM D=200MM SPECIAL COLOUR VERSION;IP40 DECKBL/BODENBLECH B=1250MM T=200MM GEFÄRBTE VERSION;69.5405;5.5;Missing
PTBB1236COL;1STQ004416B0000;IP65 BLIND TOP/BOTTOM W=1250MM D=300MM SPECIAL COLOUR VERSION;IP65 BLIND DACH/BODEN B1250 MM T300MM GEFÄRBTE VERSION;79.948;7.0;Missing
PTBB1256COL;1STQ004417B0000;IP65 BLIND TOP/BOTTOM W=1250MM D=500MM SPECIAL COLOUR VERSION;IP65 BLIND DACH/BODEN B1250 MM T500MM GEFÄRBTE VERSION;84.916;10.0;Missing
PTBB1276COL;1STQ004418B0000;IP65 BLIND TOP/BOTTOM W=1250MM D=700MM SPECIAL COLOUR VERSION;IP65 BLIND DACH/BODEN B1250 MM T700MM GEFÄRBTE VERSION;94.691;13.0;Missing
PTBB2526COL;1STQ004419B0000;IP65 BLIND TOP/BOTTOM W=250MM D=200MM SPECIAL COLOUR VERSION;IP65 DECKBL./BODENBLECH B=250MM T=200MM GEFÄRBTE VERSION;31.832;1.5;Missing
PTBB2536COL;1STQ004420B0000;IP65 BLIND TOP/BOTTOM W=250MM D=300MM SPECIAL COLOUR VERSION;IP65 DECKBL./BODENBLECH B=250MM T=300MM GEFÄRBTE VERSION;34.27;2.0;Missing
PTBB2556COL;1STQ004421B0000;IP65 BLIND TOP/BOTTOM W=250MM D=500MM SPECIAL COLOUR VERSION;IP65 DECKBL./BODENBLECH B=250MM T=500MM GEFÄRBTE VERSION;37.697;3.1;Missing
PTBB2576COL;1STQ004422B0000;IP65 BLIND TOP/BOTTOM W=250MM D=700MM SPECIAL COLOUR VERSION;IP65 DECKBL./BODENBLECH B=250MM T=700MM GEFÄRBTE VERSION;41.9175;4.1;Missing
PTBB3056COL;1STQ004423B0000;IP65 BL.TOP/BOTTOM W/D=300MM D/W=500MM SPECIAL COLOUR VERSION;IP65 DECKBL/BODENBL. B/T=300MM T/B=500MM GEFÄRBTE VERSION;38.4675;3.5;Missing
PTBB5026COL;1STQ004424B0000;IP65 BLIND TOP/BOTTOM W=500MM D=200MM SPECIAL COLOUR VERSION;IP65 DECKBL./BODENBLECH B=500MM T=200MM GEFÄRBTE VERSION;34.27;2.6;Missing
PTBB5056COL;1STQ004425B0000;IP65 BLIND TOP/BOTTOM W=500MM D=500MM SPECIAL COLOUR VERSION;IP65 DECKBL./BODENBLECH B=500MM T=500MM GEFÄRBTE VERSION;41.952;5.0;Missing
PTBB5076COL;1STQ004426B0000;IP65 BLIND TOP/BOTTOM W=500MM D=700MM SPECIAL COLOUR VERSION;IP65 DECKBL./BODENBLECH B=500MM T=700MM GEFÄRBTE VERSION;53.59;6.7;Missing
PTBB7526COL;1STQ004427B0000;IP65 BLIND TOP/BOTTOM W=750MM D=200MM SPECIAL COLOUR VERSION;IP65 DECKBL./BODENBLECH B=750MM T=200MM GEFÄRBTE VERSION;42.274;3.6;Missing
PTBB7536COL;1STQ004428B0000;IP65 BLIND TOP/BOTTOM W=750MM D=300MM SPECIAL COLOUR VERSION;IP65 DECKBL./BODENBLECH B=750MM T=300MM GEFÄRBTE VERSION;45.448;5.0;Missing
PTBB7556COL;1STQ004429B0000;IP65 BLIND TOP/BOTTOM W=750MM D=500MM SPECIAL COLOUR VERSION;IP65 DECKBL./BODENBLECH B=750MM T=500MM GEFÄRBTE VERSION;53.59;7.2;Missing
PTBB7576COL;1STQ004430B0000;IP65 BLIND TOP/BOTTOM W=750MM D=700MM SPECIAL COLOUR VERSION;IP65 DECKBL./BODENBLECH B=750MM T=700MM GEFÄRBTE VERSION;59.7655;9.5;Missing
PTBT1026COL;1STQ004431B0000;IP65 TWINLINE TOP W1000 D200 SPECIAL COLOUR VERSION;IP65 TWINLINE DACH B1000 D200 GEFÄRBTE VERSION;65.136;3.3;Missing
PTBT1028COL;1STQ004432B0000;IP65 TWINLINE TOP W1000 D200 SPECIAL COLOUR VERSION;IP65 TWINLINE DACH B1000 P200 GEFÄRBTE VERSION;65.136;3.3;Missing
PTBT1036COL;1STQ004433B0000;IP65 TWINLINE TOP W1000 D300 SPECIAL COLOUR VERSION;IP65 TWINLINE DACH B1000 D300 GEFÄRBTE VERSION;73.692;4.6;Missing
PTBT1038COL;1STQ004434B0000;IP65 TWINLINE TOP W1000 D300 SPECIAL COLOUR VERSION;IP65 TWINLINE DACH B1000 D300 GEFÄRBTE VERSION;73.692;4.6;Missing
PTBT1056COL;1STQ004435B0000;IP65 TWINLINE TOP W1000 D500 SPECIAL COLOUR VERSION;IP65 TWINLINE DACH B1000 T500 GEFÄRBTE VERSION;77.5675;7.2;Missing
PTBT1057COL;1STQ004436B0000;IP65 2ROWS TWINLINE TOP W1000 D500 SPECIAL COLOUR VERSION;IP65 ZWEI REI.TWIN.DACH B1000 T500 GEFÄRBTE VERSION;89.2055;6.6;Missing
PTBT1058COL;1STQ004437B0000;IP65 TWINLINE TOP W1000 D500 SPECIAL COLOUR VERSION;IP65 TWINLINE DACH B1000 P500 GEFÄRBTE VERSION;77.5675;7.2;Missing
PTBT1059COL;1STQ004438B0000;IP65 2ROWS TWINLINE TOP W1000 D500 SPECIAL COLOUR VERSION;IP65 2REI. TWINLINE DACH B1000 P500 GEFÄRBTE VERSION;89.2055;6.6;Missing
PTBT1076COL;1STQ004439B0000;IP65 TWINLINE TOP W1000 D700 SPECIAL COLOUR VERSION;IP65 TWINLINE DACH B1000 T700 GEFÄRBTE VERSION;88.3545;9.8;Missing
PTBT1077COL;1STQ004440B0000;IP65 2ROWS TWINLINE TOP W1000 D700 SPECIAL COLOUR VERSION;IP65 ZWEI REI.TWIN.DACH B1000 T700 GEFÄRBTE VERSION;101.6025;9.2;Missing
PTBT1078COL;1STQ004441B0000;IP65 TWINLINE TOP W1000 D700 SPECIAL COLOUR VERSION;IP65 TWINLINE DACH B1000 P700 GEFÄRBTE VERSION;88.3545;9.8;Missing
PTBT1079COL;1STQ004442B0000;IP65 2ROWS TWINLINE TOP W1000 D700 SPECIAL COLOUR VERSION;IP65 2REI. TWINLINE DACH B1000 P700 GEFÄRBTE VERSION;101.6025;9.2;Missing
PTBT1226COL;1STQ004443B0000;IP65 TWINLINE TOP W1250 D200 SPECIAL COLOUR VERSION;IP65 TWINLINE DACH B1250 D200 GEFÄRBTE VERSION;70.265;4.0;Missing
PTBT1228COL;1STQ004444B0000;IP65 TWINLINE TOP W1250 D200 SPECIAL COLOUR VERSION;IP65 TWINLINE DACH B1250 P200 GEFÄRBTE VERSION;70.265;4.0;Missing
PTBT1236COL;1STQ004445B0000;IP65 TWINLINE TOP W1250 D300 SPECIAL COLOUR VERSION;IP65 TWINLINE DACH B1250 D300 GEFÄRBTE VERSION;80.6725;5.6;Missing
PTBT1238COL;1STQ004446B0000;IP65 TWINLINE TOP W1250 D300 SPECIAL COLOUR VERSION;IP65 TWINLINE DACH B1250 T300 GEFÄRBTE VERSION;80.6725;5.6;Missing
PTBT1256COL;1STQ004447B0000;IP65 TWINLINE TOP W1250 D500 SPECIAL COLOUR VERSION;IP65 TWINLINE DACH B1250 T500 GEFÄRBTE VERSION;85.6405;8.8;Missing
PTBT1257COL;1STQ004448B0000;IP65 2ROWS TWINLINE TOP W1250 D500 SPECIAL COLOUR VERSION;IP65 ZWEI REI.TWIN.DACH B1250 T500 GEFÄRBTE VERSION;98.486;8.1;Missing
PTBT1258COL;1STQ004449B0000;IP65 TWINLINE TOP W1250 D500 SPECIAL COLOUR VERSION;IP65 TWINLINE DACH B1250 P500 GEFÄRBTE VERSION;85.6405;8.8;Missing
PTBT1259COL;1STQ004450B0000;IP65 2ROWS TWINLINE TOP W1250 D500 SPECIAL COLOUR VERSION;IP65 2REI. TWINLINE DACH B1250 P500 GEFÄRBTE VERSION;98.486;8.1;Missing
PTBT1276COL;1STQ004451B0000;IP65 TWINLINE TOP W1250 D700 SPECIAL COLOUR VERSION;IP65 TWINLINE DACH B1250 T700 GEFÄRBTE VERSION;95.4155;12.0;Missing
PTBT1277COL;1STQ004452B0000;IP65 2ROWS TWINLINE TOP W1250 D700 SPECIAL COLOUR VERSION;IP65 ZWEI REI.TWIN.DACH B1250 T700 GEFÄRBTE VERSION;109.733;11.3;Missing
PTBT1278COL;1STQ004453B0000;IP65 TWINLINE TOP W1250 D700 SPECIAL COLOUR VERSION;IP65 TWINLINE DACH B1250 P700 GEFÄRBTE VERSION;95.4155;12.0;Missing
PTBT1279COL;1STQ004454B0000;IP65 2ROWS TWINLINE TOP W1250 D700 SPECIAL COLOUR VERSION;IP65 2REI. TWINLINE DACH B1250 P700 GEFÄRBTE VERSION;109.733;11.3;Missing
PTBT2526COL;1STQ004455B0000;IP65 TWINLINE TOP W250 D200 SPECIAL COLOUR VERSION;IP65 TWINLINE DACH B250 D200 GEFÄRBTE VERSION;32.5565;1.1;Missing
PTBT2528COL;1STQ004456B0000;IP65 TWINLINE TOP W250 D200 SPECIAL COLOUR VERSION;IP65 TWINLINE DACH B250 P200 GEFÄRBTE VERSION;32.5565;1.1;Missing
PTBT2536COL;1STQ004457B0000;IP65 TWINLINE TOP W250 D300 SPECIAL COLOUR VERSION;IP65 TWINLINE DACH B250 D300 GEFÄRBTE VERSION;34.9945;1.5;Missing
PTBT2538COL;1STQ004458B0000;IP65 TWINLINE TOP W250 D300 SPECIAL COLOUR VERSION;IP65 TWINLINE DACH B250 D300 GEFÄRBTE VERSION;34.9945;1.5;Missing
PTBT2556COL;1STQ004459B0000;IP65 TWINLINE TOP W250 D500 SPECIAL COLOUR VERSION;IP65 TWINLINE DACH B250 T500 GEFÄRBTE VERSION;38.4215;2.3;Missing
PTBT2557COL;1STQ004460B0000;IP65 2ROWS TWINLINE TOP W250 D500 SPECIAL COLOUR VERSION;IP65 ZWEI REI.TWIN.DACH B250 T500 GEFÄRBTE VERSION;44.183;2.2;Missing
PTBT2558COL;1STQ004461B0000;IP65 TWINLINE TOP W250 D500 SPECIAL COLOUR VERSION;IP65 TWINLINE DACH B250 P500 GEFÄRBTE VERSION;38.4215;2.3;Missing
PTBT2559COL;1STQ004462B0000;IP65 2ROWS TWINLINE TOP W250 D500 SPECIAL COLOUR VERSION;IP65 2REI. TWINLINE DACH B250 P500 GEFÄRBTE VERSION;44.183;2.2;Missing
PTBT2576COL;1STQ004463B0000;IP65 TWINLINE TOP W250 D700 SPECIAL COLOUR VERSION;IP65 TWINLINE DACH B250 T700 GEFÄRBTE VERSION;41.9175;3.1;Missing
PTBT2577COL;1STQ004464B0000;IP65 2ROWS TWINLINE TOP W250 D700 SPECIAL COLOUR VERSION;IP65 ZWEI REI.TWIN.DACH B250 T700 GEFÄRBTE VERSION;48.208;3.0;Missing
PTBT2578COL;1STQ004465B0000;IP65 TWINLINE TOP W250 D700 SPECIAL COLOUR VERSION;IP65 TWINLINE DACH B250 P700 GEFÄRBTE VERSION;41.9175;3.1;Missing
PTBT2579COL;1STQ004466B0000;IP65 2ROWS TWINLINE TOP W250 D700 SPECIAL COLOUR VERSION;IP65 2REI. TWINLINE DACH B250 P700 GEFÄRBTE VERSION;48.208;3.0;Missing
PTBT3056COL;1STQ004467B0000;IP65 TWINLINE TOP W/D300 D/W500 SPECIAL COLOUR VERSION;IP65 TWINLINE DACH W/D300 D/B500 GEFÄRBTE VERSION;39.192;2.5;Missing
PTBT3058COL;1STQ004468B0000;IP65 TWINLINE TOP W/D300 D/L500 SPECIAL COLOUR VERSION;IP65 TWINLINE DACH B/T300 T/L500 GEFÄRBTE VERSION;39.192;2.5;Missing
PTBT5026COL;1STQ004469B0000;IP65 TWINLINE TOP W500 D200 SPECIAL COLOUR VERSION;IP65 TWINLINE DACH B500 D200 GEFÄRBTE VERSION;34.9945;1.8;Missing
PTBT5029COL;1STQ004470B0000;IP65 TWINLINE TOP W500 D200 SPECIAL COLOUR VERSION;IP65 TWINLINE DACH B500 P200 GEFÄRBTE VERSION;34.9945;1.8;Missing
PTBT5050COL;1STQ004471B0000;IP65 TWINLINE TOP W500 D500 SPECIAL COLOUR VERSION;IP65 TWINLINE DACH B500 T500 GEFÄRBTE VERSION;42.6765;3.9;Missing
PTBT5051COL;1STQ004472B0000;IP65 TRILINE  TOP W500 D500 SPECIAL COLOUR VERSION;IP65 TRILINE DACH B500 T500 GEFÄRBTE VERSION;58.4085;3.9;Missing
PTBT5057COL;1STQ004473B0000;IP65 2ROWS TWINLINE TOP W500 D500 SPECIAL COLOUR VERSION;IP65 ZWEI REI.TWIN.DACH B500 T500 GEFÄRBTE VERSION;49.082;3.6;Missing
PTBT5058COL;1STQ004474B0000;IP65 TWINLINE TOP W500 D500 SPECIAL COLOUR VERSION;IP65 TWINLINE DACH B500 P500 GEFÄRBTE VERSION;42.6765;3.9;Missing
PTBT5059COL;1STQ004475B0000;IP65 2ROWS TWINLINE TOP W500 D500 SPECIAL COLOUR VERSION;IP65 2REI. TWINLINE DACH B500 P500 GEFÄRBTE VERSION;49.082;3.6;Missing
PTBT5076COL;1STQ004476B0000;IP65 TWINLINE TOP W500 D700 SPECIAL COLOUR VERSION;IP65 TWINLINE DACH B500 T700 GEFÄRBTE VERSION;54.3145;5.3;Missing
PTBT5077COL;1STQ004477B0000;IP65 2ROWS TWINLINE TOP W500 D700 SPECIAL COLOUR VERSION;IP65 ZWEI REI.TWIN.DACH B500 T700 GEFÄRBTE VERSION;62.4565;5.0;Missing
PTBT5078COL;1STQ004478B0000;IP65 TWINLINE TOP W500 D700 SPECIAL COLOUR VERSION;IP65 TWINLINE DACH B500 P700 GEFÄRBTE VERSION;54.3145;5.3;Missing
PTBT5079COL;1STQ004479B0000;IP65 2ROWS TWINLINE TOP W500 D700 SPECIAL COLOUR VERSION;IP65 2REI. TWINLINE DACH B500 T700 GEFÄRBTE VERSION;62.4565;5.0;Missing
PTBT7526COL;1STQ004480B0000;IP65 TWINLINE TOP W750 D200 SPECIAL COLOUR VERSION;IP65 TWINLINE DACH B750 D200 GEFÄRBTE VERSION;42.9985;2.6;Missing
PTBT7528COL;1STQ004481B0000;IP65 TWINLINE TOP W750 D200 SPECIAL COLOUR VERSION;IP65 TWINLINE DACH B750 P200 GEFÄRBTE VERSION;42.9985;2.6;Missing
PTBT7536COL;1STQ004482B0000;IP65 TWINLINE TOP W750 D300 SPECIAL COLOUR VERSION;IP65 TWINLINE DACH B750 D300 GEFÄRBTE VERSION;46.1725;3.6;Missing
PTBT7538COL;1STQ004483B0000;IP65 TWINLINE TOP W750 D300 SPECIAL COLOUR VERSION;IP65 TWINLINE DACH B750 T300 GEFÄRBTE VERSION;46.1725;3.6;Missing
PTBT7556COL;1STQ004484B0000;IP65 TWINLINE TOP W750 D500 SPECIAL COLOUR VERSION;IP65 TWINLINE DACH B750 T500 GEFÄRBTE VERSION;54.3145;6.0;Missing
PTBT7557COL;1STQ004485B0000;IP65 2ROWS TWINLINE TOP W750 D500 SPECIAL COLOUR VERSION;IP65 ZWEI REI.TWINL.DACH B750 T500 GEFÄRBTE VERSION;62.4565;5.0;Missing
PTBT7558COL;1STQ004486B0000;IP65 TWINLINE TOP W750 D500 SPECIAL COLOUR VERSION;IP65 TWINLINE DACH B750 P500 GEFÄRBTE VERSION;54.3145;6.0;Missing
PTBT7559COL;1STQ004487B0000;IP65 2ROWS TWINLINE TOP W750 D500 SPECIAL COLOUR VERSION;IP65 2REI. TWINLINE DACH B750 P500 GEFÄRBTE VERSION;62.4565;5.0;Missing
PTBT7576COL;1STQ004488B0000;IP65 TWINLINE TOP W750 D700 SPECIAL COLOUR VERSION;IP65 TWINLINE DACH B750 T700 GEFÄRBTE VERSION;60.49;8.0;Missing
PTBT7577COL;1STQ004489B0000;IP65 2ROWS TWINLINE TOP W750 D700 SPECIAL COLOUR VERSION;IP65 ZWEI REI.TWINL.DACH B750 T700 GEFÄRBTE VERSION;69.5635;7.0;Missing
PTBT7578COL;1STQ004490B0000;IP65 TWINLINE TOP W750 D700 SPECIAL COLOUR VERSION;IP65 TWINLINE DACH B750 P700 GEFÄRBTE VERSION;60.49;8.0;Missing
PTBT7579COL;1STQ004491B0000;IP65 2ROWS TWINLINE TOP W750 D700 SPECIAL COLOUR VERSION;IP65 2REI. TWINLINE DACH B750 P700 GEFÄRBTE VERSION;69.5635;7.0;Missing
PTBO2520COL;1STQ004492B0000;IP65 OPEN TOP/BOTTOM W=250MM D=200MM SPECIAL COLOUR VERSION;IP65 DECK/BOD.OHNE FLAN.B=250MM T=200MM GEFÄRBTE VERSION;33.419;1.4;Missing
PTBO2530COL;1STQ004493B0000;IP65 OPEN TOP/BOTTOM W=250MM D=300MM SPECIAL COLOUR VERSION;IP65 DECK/BOD.OHNE FLAN. B=250MM T=300MM GEFÄRBTE VERSION;35.9835;1.8;Missing
PTBO2550COL;1STQ004494B0000;IP65 OPEN TOP/BOTTOM W=250MM D=500MM SPECIAL COLOUR VERSION;IP65 DECK/BOD.OHNE FLAN.B=250MM T=500MM GEFÄRBTE VERSION;39.583;2.6;Missing
PTBO2570COL;1STQ004495B0000;IP65 OPEN TOP/BOTTOM W=250MM D=700MM SPECIAL COLOUR VERSION;IP65 DECK/BOD.OHNE FLAN.B=250MM T=700MM GEFÄRBTE VERSION;44.0105;3.3;Missing
PTBO5020COL;1STQ004496B0000;IP65 OPEN TOP/BOTTOM W=500MM D=200MM SPECIAL COLOUR VERSION;IP65 DECK/BOD.OHNE FLAN.B=500MM T=200MM GEFÄRBTE VERSION;35.9835;2.4;Missing
PTBO3050COL;1STQ004497B0000;IP65 OPEN TOP/BOTTTOM W/D300MM D/W=500MM SPECIAL COLOUR VERSION;IP65 DECK/BOD.OHNE FL.B/T300MM T/B=500MM GEFÄRBTE VERSION;40.388;2.8;Missing
PTBO5050COL;1STQ004498B0000;IP65 OPEN TOP/BOTTOM W=500MM D=500MM SPECIAL COLOUR VERSION;IP65 DECK/BOD.OHNE FLAN.B=500MM T=500MM GEFÄRBTE VERSION;44.045;3.6;Missing
PTBO5070COL;1STQ004499B0000;IP65 OPEN TOP/BOTTOM W=500MM D=700MM SPECIAL COLOUR VERSION;IP65 DECK/BOD.OHNE FLAN.B=500MM T=700MM GEFÄRBTE VERSION;56.2695;4.3;Missing
PTBO7520COL;1STQ004500B0000;IP65 OPEN TOP/BOTTOM W=750MM D=200MM SPECIAL COLOUR VERSION;IP65 DECK/BOD.OHNE FLAN.B=750MM T=200MM GEFÄRBTE VERSION;44.39;3.2;Missing
PTBO7530COL;1STQ004501B0000;IP65 OPEN TOP/BOTTOM W=750MM D=300MM SPECIAL COLOUR VERSION;IP65 DECK/BOD.OHNE FLAN.B=750MM T=300MM GEFÄRBTE VERSION;47.725;3.6;Missing
PTBO7550COL;1STQ004502B0000;IP65 OPEN TOP/BOTTOM W=750MM D=500MM SPECIAL COLOUR VERSION;IP65 DECK/BOD.OHNE FLAN.B=750MM T=500MM GEFÄRBTE VERSION;56.2695;4.5;Missing
PTBO7570COL;1STQ004503B0000;IP65 OPEN TOP/BOTTOM W=750MM D=700MM SPECIAL COLOUR VERSION;IP65 DECK/BOD.OHNE FLAN.B=750MM T=700MM GEFÄRBTE VERSION;62.7555;5.3;Missing
PTBO1030COL;1STQ004504B0000;IP65 OPEN TOP/BOTTOM W=1000MM D=300MM SPECIAL COLOUR VERSION;IP65 DECK/BOD.OHNE FL.B=1000MM T=300MM GEFÄRBTE VERSION;76.613;4.0;Missing
PTBO1050COL;1STQ004505B0000;IP65 OPEN TOP/BOTTOM W=1000MM D=500MM SPECIAL COLOUR VERSION;IP65 DECK/BOD.OHNE FL.B=1000MM T=500MM GEFÄRBTE VERSION;80.684;5.0;Missing
PTBO1070COL;1STQ004506B0000;IP65 OPEN TOP/BOTTOM W=1000MM D=700MM SPECIAL COLOUR VERSION;IP65 DECK/BOD.OHNE FL.B=1000MM T=700MM GEFÄRBTE VERSION;92.0115;5.8;Missing
PTBO1230COL;1STQ004507B0000;IP65 OPEN TOP/BOTTOM W=1250MM D=300MM SPECIAL COLOUR VERSION;IP65 DECK/BOD.OHNE FLAN.B=1250MM T=300MM GEFÄRBTE VERSION;83.95;6.0;Missing
PTBO1250COL;1STQ004508B0000;IP65 OPEN TOP/BOTTOM W=1250MM D=500MM SPECIAL COLOUR VERSION;IP65 DECK/BOD.OHNE FLAN.B=1250MM T=500MM GEFÄRBTE VERSION;89.1595;7.2;Missing
PTBO1270COL;1STQ004509B0000;IP65 OPEN TOP/BOTTOM W=1250MM D=700MM SPECIAL COLOUR VERSION;IP65 DECK/BOD.OHNE FLAN.B=1250MM T=700MM GEFÄRBTE VERSION;99.429;8.6;Missing
